CustomerID,PC1,PC2,PC3,PC4,Cluster
12346,5.106340950311769,0.8915062463600589,9.68684496352686,2.577384617749485,0
12747,1.9270367636275127,1.3180138048714414,-0.9075937837953844,-0.5086076027734271,0
12748,8.045121656297997,-5.075932637848894,-7.6883263112511155,10.02303033645014,0
12749,2.794310584620403,-0.6788153161842463,0.3272811958189042,0.1099763761131446,0
12820,0.9650658110567478,0.0709931066278956,-0.7498080762010331,0.0362410638218422,0
12821,-3.1095303340482268,0.524754948538428,-0.0987081295384929,0.1672669309782181,2
12822,0.5492969703702423,-1.2837620888490506,0.922281922737861,-0.0048855685908251,1
12823,-0.6875263920745334,0.8812513268103577,-0.4301729686138948,0.3114575975096187,2
12824,-0.4549823122114955,-1.4777045944466587,1.086460281675263,-0.4018146495607053,1
12826,1.3067014116433964,0.7031030506109877,-1.1867823176940846,-0.1541484459022828,0
12827,-0.8319976071514159,-1.7950293477583783,-1.2265369162351178,-0.1705250170914077,1
12828,0.6732792625882085,-1.6665247296618546,-1.8301989417317188,0.7972366452221418,1
12829,-1.8880300819447744,2.1986366384105973,0.8791748209937591,0.9007541426394958,2
12830,3.081057763204447,-1.6684172465965714,1.638390746525041,1.7079093578918647,0
12831,-2.0366132498561016,0.9738747487942144,1.0027728763260209,0.606028900456264,2
12832,-0.7015751908139822,-1.3082233158472265,-0.5027084538179939,-0.2669843621570774,1
12833,-0.7146134706770731,-0.5650080586165208,1.062170121907786,0.2502870693260672,1
12834,-1.5728756615094177,1.261473209850005,1.1428454163542985,0.6917115561086342,2
12836,2.0848495242839262,0.6714194505763544,0.5777296371582235,-0.3175781884283654,0
12837,-2.753951320712548,-0.1164266534125895,-0.801930374862873,0.3895626415954544,2
12838,0.7968284674722826,0.7278958493535947,0.0050621471236652,-0.4456705924478658,0
12839,3.303856394657632,-0.0814504003983666,-1.3020001427377348,1.4109347995114878,0
12840,1.6085913510746124,0.4600920416104982,1.2947476310990338,0.1205535225391279,0
12841,2.660501614322657,1.322752646534418,-2.482775928941587,-0.3591722714336687,0
12842,0.7944645022992105,0.3976990893082017,0.9893124085847,-0.0345528662838368,0
12843,1.0817891122567969,0.3023124557647113,-1.3020252121516716,0.2236350022203817,0
12844,-0.7694055988890708,-1.0527886502955897,-1.0009218927389825,-0.3627187637988248,1
12845,-1.92022259501026,2.3130131172445103,-0.6492922996138616,-0.4653347220828569,2
12847,1.192698530493547,-1.9505097586485989,2.284109846463422,-0.7730846539405404,1
12849,0.9131135508944092,0.0003739675834898,0.8514768431770713,-0.4181578269682582,0
12851,-1.6273094434527136,-1.0030792174629302,-0.2191181406435334,-0.4578566104729085,1
12852,-1.4963326107597916,1.3415245332230643,1.3530461879849482,0.7916028610716673,2
12853,1.0379448225917602,1.1811282914779822,-0.2547986863671874,0.1723461242406709,0
12854,1.0956287652234111,0.8987332853858012,0.4722489640437184,-0.500432842746595,0
12855,-4.693439894759144,2.187235679407287,-0.8984358563246352,1.306722604357697,2
12856,2.0053381471618965,-2.03342703660264,-0.8056432236778154,0.5526315011847601,0
12857,0.0732026690640158,1.4472785772391663,1.3682455097217658,0.0773022909741428,2
12863,-0.8186337184471262,-1.610452495591495,1.3110094131225416,-0.0778567847702286,1
12864,-2.2022262185711416,-0.8149575197160992,0.6324624203407038,0.4050134522345123,1
12867,3.0741338539539926,1.112981798981373,0.5700613925624131,-0.7612298311961813,0
12868,0.601078554410444,2.524876723841423,0.1816872039578629,-0.6755179043737443,0
12871,-1.2601807126884976,-0.1148087931432372,-0.1313374613201355,-0.0909032156937489,1
12872,-0.607829956462799,2.329780395499544,1.105961509466984,0.6015717689375838,2
12873,-1.8419335559551,1.158851370957814,1.5138001657437614,1.0190110551665916,2
12875,-0.9708346021679848,0.6599527651594198,1.33978019686604,0.873643130489769,2
12877,1.1795358432989809,1.5421060320129636,-1.8706279667795915,-1.2122831439704718,0
12878,-0.0931731396513032,1.2766836272383093,1.5755748739539686,0.067574257851071,2
12879,-0.7153119781817247,-1.4721894906003137,-0.4622167014758729,0.3995084616686715,1
12881,-2.559176235706884,1.345408983053052,0.2050219765449413,0.8301307183303631,2
12882,0.3078363715403091,-1.8151495413501093,0.7624617386134181,-0.094981800227243,1
12883,-0.1786214943355033,-1.48000575505274,-1.5539626411403715,0.2358783742671714,1
12884,-1.8174715501561545,-1.056461634349131,0.0658072762023848,0.0277004696035787,1
12885,0.9369923862898316,-1.1354804508683174,0.2290846198734602,0.2256462376214851,1
12886,1.2913223481825502,-0.1185802632813984,1.3805297763245383,-0.3772254472825909,0
12888,-2.370656815154048,1.220769424049431,-0.1270424094598328,0.2238411688820958,2
12890,0.003719355501827,-1.792028972593081,0.9134842417379369,-0.9299642463873432,1
12891,-1.6269237337747624,0.924078398821525,0.4091282160702896,0.5094907265893565,2
12893,-1.4874902793432647,-1.6706733882172629,-0.1766899060135659,-0.789654036113631,1
12895,-0.8142930531714397,-1.3500365480147487,-0.4114725117747121,-0.2006022295525843,1
12897,-2.668491310676917,1.3801075867815271,-0.3529051535492103,0.234259319257191,2
12901,4.268855227066089,-0.5522971516737366,-0.428795104718961,1.6393125601397205,0
12902,-2.6821424382202337,1.0880110165925505,0.2312190325280763,0.5236064657590621,2
12904,0.1156937574287344,-0.9406168450568508,-0.2771078046974243,-0.2975835979443462,1
12906,2.095832668461128,-1.9249496943374031,0.2728203846011687,0.6133742666289193,0
12908,-0.6271565257357549,0.6033358214407714,1.8020302174225096,1.0893536350334776,2
12909,1.576460922302859,0.4783477362688547,0.3118354063550611,-0.7586794574658455,0
12910,1.8866901072827649,-0.1147512878931686,-0.4548707678211054,0.1438997757147691,0
12912,0.7647915761173637,-2.139164989988746,-0.6035884572744172,0.6319656535604353,1
12913,1.7229592623434695,0.9393754354301636,0.2934020452849699,-0.4958881301021584,0
12915,-1.2704565338191165,1.2722466889191602,-0.7046301641215994,0.4311484953852896,2
12916,1.4675746380209205,1.4192156103439866,1.2497356184188892,-0.2197370177400983,0
12917,-1.2518629240088814,-0.8186633219337299,1.370219583866891,0.6702936804469002,1
12919,0.9696103334420691,-1.4616872571536037,-1.4384567458653268,1.0303550927856953,0
12920,-1.402010182321318,-1.8598046586358703,-0.0565583625391834,-0.9107934676545136,1
12921,5.004716539696692,-0.6139587225354948,-2.426516100373859,2.8550659643843708,0
12922,-0.3745593729673113,-0.5047411729982,1.5764993378836127,0.3273918557627332,1
12923,-1.6551051686266731,-1.298737120733389,-0.2977008257146812,-0.5553385638854036,1
12924,-0.0524368488552761,1.2573498363856432,-0.2145189447385477,-0.5008829977602755,2
12925,0.4443258414873284,-1.6466573945841068,0.4656599886419895,-0.442322821365536,1
12928,1.7733055112376097,0.6295460747571061,0.0259126698574021,0.0925167725399971,0
12929,-3.201219782583032,1.6213835389661335,-0.1210506653390387,0.8884443638881062,2
12930,-0.6707063112330925,-0.731844401989776,-0.1958225808340569,0.2150229348380367,1
12931,5.051356285300083,0.7272778431259638,2.053166681022572,0.6643149289684354,0
12933,0.5815527484449057,0.0672628872836182,-0.615129898397235,-0.438252660368198,0
12935,2.068434696520125,-0.0147280882916437,-0.7393705911644315,0.3312424075137885,0
12936,0.7435792191315463,-1.6783118541585336,-0.6577684019795274,0.1676480766862485,1
12937,1.4094846561414198,0.1747014810294547,0.0941952224608272,-0.6207730663454863,0
12938,-2.083908523223076,-1.8503945557102812,-0.148497066432782,-0.681988552787524,1
12939,3.218964971015816,0.4588165104714211,1.3157030535959742,1.0010199220780829,0
12940,0.7020809893877124,-1.2665393661178,0.5622937324318426,-0.261744566631509,1
12942,-0.1699213880772562,1.5109332742898254,-0.5894182272986858,-0.1752030552980026,2
12944,0.0889517415021331,0.5702832510880868,-0.02564930242844,-0.1936129573600326,0
12945,-0.9783311200439788,1.2857227144931882,1.6765352702000929,0.7521354712568074,2
12947,1.1368344487078066,1.5102259390868369,-0.2494630056323303,0.2549357837212296,0
12948,1.57505020031039,0.2078122221594176,-0.7811589334661483,-0.3194098210710633,0
12949,2.740533112719752,0.0152822831650974,-0.1304995337174429,-0.0092126074154326,0
12950,1.1047890204640438,-2.154761313857836,1.12068469081836,0.1228256074115426,1
12951,0.4765669842853716,1.1522878960859757,-1.2077527330024027,-1.1119126049526655,0
12952,1.127189901197283,-1.7306692087995377,-0.4085976826979052,0.1323098186471678,1
12953,-1.0756807645444506,-1.8832237627147537,0.2704897838836929,-0.7241107781717988,1
12955,2.9695019452828206,-0.5802104373516118,-0.7396930136375452,0.9110974328068474,0
12956,-3.0071271646544284,1.6154098142275792,-0.3349331476702826,0.6477951830367586,2
12957,2.996654515420142,0.4367662399281833,-0.3218969083778208,0.0189969833848776,0
12962,-1.3048958756240412,-1.321510019189367,-1.071482887756656,-0.3078887189518016,1
12963,1.8189730279154968,-0.1785551202474894,-1.90442744705568,1.3280721515551217,0
12965,0.7081953956929294,-1.104989214275393,1.62326275602929,-0.3790552512321826,1
12966,-1.9583669400623305,-1.9184841955733551,-0.3036097739302228,-0.7543135700990903,1
12967,-0.0374111408954557,2.430952766917106,2.295043814937336,1.2204763908341625,2
12968,-2.5044117435043884,-0.919693543767122,-0.1754172768582565,0.1086667592637211,1
12970,-0.0695582667735031,0.6092918992978533,-1.8475107719291888,-0.8721688891419498,0
12971,3.5826618806409205,1.1151519257179756,-3.6195391692652654,0.8083501757797712,0
12974,-2.99692318586424,0.5233552689971267,-0.4461138453617536,0.0820220681113804,2
12976,0.031366736855169,0.36887519931376,2.6278940465389757,0.2839622615668801,1
12977,-4.186340197701313,-0.2555499130185592,-2.14539121637083,0.0863680208735712,2
12980,0.9532047915310478,2.616390419687624,0.8341628190682114,-0.3609157213047259,0
12981,-0.8744487686468164,-1.1875051872601283,-0.3642505777430965,-0.0335380928490759,1
12982,-0.7740765101247236,0.7640899862908804,1.7689996136681885,0.3397425632486475,2
12984,-3.1198341357965846,-1.7550960111545515,-1.2103154990253668,-0.6035011706724877,1
12985,1.5311736944994088,-2.0149628122019663,1.531273392272962,-0.5771634692341769,1
12987,-0.4387721302705029,-0.1443533130822262,0.077403513428305,-0.3433092087216475,1
12988,-0.5829145283435231,1.430838712924125,1.4681979123243598,0.5411174770441559,2
12989,2.7238546631412928,0.9367275553529972,-0.817792426390051,0.1487206733529409,0
12990,-1.0190188804179012,0.209714874432055,-1.2174801099877868,0.1296530578239816,2
12991,-0.0730414081790679,-1.3435327062125284,0.0868934738889873,-0.2616205005502875,1
12993,-0.7129409846255607,0.4685421749908624,-1.6563914548426255,-0.5077820494964838,2
12994,0.7722297496438983,-0.1215986810279018,-0.2754523860682456,-0.3338429967923001,0
12995,-2.058904372915969,-1.2546139717207596,0.3884493523636506,0.0837828785139023,1
12997,0.8940526104794859,0.5080288521621414,-0.2930322074045151,-0.3818244007139869,0
12999,-1.1656282734187355,1.366974177956915,0.1096072103450882,-0.5533028666459572,2
13000,-0.3572753714517978,1.2645369529968595,-0.3736693183362805,-0.1706296847241256,2
13001,3.378377510277807,1.888577317141101,0.6304427048361414,-1.9327499216761497,0
13002,-2.9694165542678883,1.5908240934923696,0.3270151381843926,0.9623959062703696,2
13003,-2.7539728288866265,0.0058419118102209,-1.957233947874589,0.2475143375408654,2
13004,3.541731038897377,0.4596945675738443,-1.5104902549713322,0.5863457406457985,0
13005,-0.9275579785714816,0.5838512643976181,0.1613275740125214,0.3234870197807776,2
13006,-3.0538389090116485,-1.4778599407945476,-0.8311155268544673,-0.3653456325322864,1
13008,-1.8239162177023185,1.5859009595157294,1.28908608145596,0.9804805005666636,2
13011,-4.751190454287055,2.2867705993218896,-1.166694636584985,1.3561970512914496,2
13012,1.2689880874365191,0.224391447302309,-1.5217934482372524,-0.0049068182188965,0
13013,3.105430027532298,0.2001011192426551,-1.5584544043096495,0.9860898229852828,0
13014,2.019120031759597,-0.1440984944118994,-1.5008066855119326,0.6900626132290154,0
13015,2.129054709738414,0.9406973934008448,0.9623965783083902,-1.3621650390909252,0
13016,0.2686910406371111,-1.1117132255259743,-0.1204988682095094,0.3143727343292322,1
13017,-2.536328771490203,-1.9859602330612949,-0.2064118516375877,-0.3448860696296097,1
13018,3.764167757224044,-0.0820552104623543,-2.244237108363849,1.042148215785821,0
13021,2.162400233388108,0.3970444147888106,-1.3349590018605604,0.3936307172375299,0
13023,0.0350747883918014,-0.9986020223512376,0.2176246541403124,0.0223229505720255,1
13026,0.8958045175848008,-0.0684334307009616,-0.4393400065092296,-0.2819192698672878,0
13027,2.6703964672586573,0.8267651916055114,2.702303116635688,0.8943854074312041,0
13028,0.4415059589932102,-1.7956774557799855,0.7648755591824857,-0.4151413882312244,1
13029,-0.1013579142250566,0.5412572916928242,-0.6477834279319332,0.4444877165225814,0
13030,0.8001922012654807,0.5745526099294483,0.0565200817470938,-0.4646588564155551,0
13032,0.6190045160484114,-1.299139128928025,0.6469399522149364,-0.1550996649939062,1
13033,-2.4196834380650136,2.007370641861135,0.7902476170045488,1.2496314094097627,2
13034,0.2904756864844789,0.7188021117228764,0.1883871302034632,-0.1053004588480223,0
13035,0.4658999022641307,0.0885944268568928,1.0515468397081826,-0.0741005915570589,1
13037,0.0474895490860307,0.7884329888993402,0.2896392723641228,-0.2376408270512816,0
13038,0.1422096991122735,0.322037499105276,-0.173584658045407,0.2673665931423692,0
13040,0.1529072065048153,-1.825231468347526,0.2692110009416676,-0.4963417732036959,1
13043,-0.8856758798209299,1.0499616649354129,2.0483145772188887,0.781683577993592,2
13044,-0.3068197016886913,1.2202962730509772,2.369721932724869,0.7305098166974391,2
13045,-0.8916212571050776,-1.1014850806787204,0.9657015473680556,-0.0925940517904169,1
13046,0.0317769392700406,0.0530247355631893,0.0338148820382951,-0.4374201216364595,1
13047,1.9445113764531017,1.6722851462092574,-0.7724837157720483,-0.8836598839233961,0
13048,1.7254765113591972,0.4950808145627013,0.2875500611382479,-0.4447910785402749,0
13049,-0.2532330533914346,0.4493928211439161,0.2059024200425934,0.0424245188478494,1
13050,3.108328689088797,1.537886316765485,-0.9973691269466164,-0.8169559242804728,0
13052,-1.0872647383158034,0.4543922481009488,1.5054978285507483,0.182531512936332,2
13055,1.070170091551499,-0.1755486857854753,0.5723215950768196,-0.1071496808064615,0
13058,-2.112190647059302,-1.005490135915363,-2.308176942472323,0.353576224339529,1
13059,-2.72238194244448,1.0114128390465569,0.0622578764159603,0.5137254874285845,2
13060,-1.5609418115888158,0.9423085978125658,1.157455148357842,0.5111936644248631,2
13061,-1.5200443177341374,-1.3213773326454057,0.3743596088705131,-0.2084150714979389,1
13062,-1.0566917695322933,0.1586087920192862,1.77181345299761,0.127500169267799,2
13064,0.9214046811019732,0.1580832146828269,-0.7896446034839701,0.1374461601218324,0
13065,-2.3369484266120195,2.199643796364513,0.7899576391256198,1.3339749024552077,2
13066,-0.1769574654349541,-1.7502385506668892,-0.0446136231867545,-0.5424104466761316,1
13067,-2.582550417622653,-1.0717884863354656,-0.9485799674325288,-0.3495325662488572,1
13068,-1.5390308285501442,0.1256295835911071,-0.4349517988945203,0.0924140619196794,2
13069,2.674304266017488,2.610483931744153,-1.1671204759885765,-2.4775068175698336,0
13070,-1.948253405871508,0.2909048482552139,0.7862581144999403,0.0981507240609797,2
13072,-2.5637214793045087,1.0910027575319206,0.4848435752539461,0.6576722095415678,2
13075,0.441885596086399,-0.8441680835118976,2.3375436683367163,0.3086051150084841,1
13077,0.798446683886912,1.1028513921122332,-0.5468880973251506,-1.2510585926187454,0
13078,3.9991506188735735,0.1795916263757996,-1.6550755588549226,1.5129757412348577,0
13079,-2.508566787099589,-1.429964407484968,-3.4885669240747044,0.8733366869493313,1
13080,-3.1292179095873256,-0.3174579229846426,-0.412243498433852,0.4056462478986923,2
13081,5.474414993148024,1.6329107960983726,2.181818592509175,-1.2302920590225617,0
13082,2.078470633299715,1.4520025547615811,0.5068189080262224,-0.0346886434137863,0
13083,-1.0828034972657838,-1.5920130830088808,-0.7114546595770403,-0.3813476680348037,1
13085,-0.992320670263842,0.7511405720141594,0.0415862728561757,0.3520289696896651,2
13089,5.479899449672528,3.3921599444140464,-0.9165044154128318,-2.5697695158610747,0
13090,3.117470208472389,1.2770236683023222,-0.6246208408569778,-0.2315270647427874,0
13091,-0.3189542734141578,-1.905380168996056,1.3531570440773704,-0.6316826319326464,1
13092,-0.9883561137651774,1.7071909748945266,-1.4546199363978796,-0.9333600058063336,2
13093,2.077176304546724,3.733366188588053,2.4093264353742097,-1.1759944181273618,0
13094,0.2479542538513806,1.8618981880175716,-0.8987546895203248,-0.9739581599358976,0
13095,-2.6631905331399683,-1.4301798828035943,-0.3315363656693822,-0.3503615033425433,1
13097,3.08679388989404,1.1817283977269513,-0.2357881429587662,-0.3559421432667547,0
13098,5.669122308967859,-1.3803266992652854,-1.1470734971620151,3.206346377677248,0
13099,-1.972236579238585,-1.2785108626025177,1.066226035975034,0.3367524240312099,1
13101,-2.783798421574165,0.6844612217469657,0.2687220944320146,0.2749864510220232,2
13102,2.6190785712482416,2.594179830991339,-1.0008498781837656,-2.259084072243213,0
13103,-1.6636875392681187,-1.624914880668516,0.1570561449583236,-0.4041823431518748,1
13104,0.3561227221907277,0.3798734349461197,-1.5088157299462033,0.3863534520821949,0
13106,-3.99724921484392,-0.6133229405277725,-1.2810225090154044,0.4044039377589487,2
13107,1.5174861443071046,0.2290674061590216,0.1054037439657029,0.3629172272462204,0
13108,-1.4261776436578475,2.0196241687280496,2.0711072928071506,1.5029768585458427,2
13109,0.4826703166247458,-0.9245767431302498,0.6183615137542587,0.056699198603715,1
13110,1.0017445034851542,0.67628735266078,-1.6860152470740033,-0.2629613777415132,0
13113,2.804131064870597,3.0423985030151166,-0.4481421337811295,-2.6340741759095225,0
13115,2.16860807554639,-1.169216100999369,0.3612260228506987,0.4242569499115595,0
13116,-0.2138974745969699,-0.6976262965489005,1.5424158190459047,0.1836750360904921,1
13117,0.5059803616668297,1.9092869743250944,-1.2664319308414853,-1.636871155793003,0
13118,0.6450481738650257,0.7190466164566517,-0.9324385188333002,-0.866053375792513,0
13120,-5.27122290802164,0.8910812748891308,-1.7868498056482975,0.4268161203366616,2
13121,-0.94994190485642,1.0691025909258167,1.4332135746703951,0.3441603285827099,2
13122,0.6484354830931064,0.1151772454884653,0.9977414260972371,-0.2023655325532143,0
13124,2.7965029562159014,1.0975561711728334,1.9357825722936168,-0.2988726325262825,0
13126,1.924694263364016,1.3552313146005586,-0.5116137512727926,-1.140359540825704,0
13127,-1.2866228559227066,-1.2590093068119197,0.4815206831158872,-0.2404048043471635,1
13130,-3.729226602511218,-1.0612130549144805,-1.2057618706192583,-0.0131566829969124,2
13131,0.4871081242393075,-0.5331817590177378,0.0055564448110091,-0.2752044793370801,1
13132,-4.034938422854992,1.1300074545231409,-0.818852292179672,0.6187598718043136,2
13133,-3.693611199972511,1.8662798489476968,-1.4450096997503046,0.314954187846193,2
13134,1.3990399571384906,0.3353120797926717,0.5126307098707801,-0.3091951599596624,0
13135,1.258398357068344,-0.1461643784531111,5.202956983254483,0.9957251336626918,1
13136,1.9956853414767808,-0.4829067606882686,0.1433077227273323,0.4117442418639379,0
13137,3.119091284567543,-0.0987474741300484,-0.7121396420622417,0.4122831643767678,0
13138,0.4582859038378885,0.6098858957021056,-1.688907836062761,0.327326631713389,0
13139,3.013479635290704,-0.2759920739874439,0.1512212094956547,0.3278691661897304,0
13140,-0.6112838944402991,0.969675875382744,-1.2195091779663303,0.3213323866798226,2
13141,1.6845739957885717,1.4390036899908714,0.7349995678825102,-1.0422671159771075,0
13142,-0.6117776100936285,-1.9196034791021832,0.8768745604387337,-0.7394866430637239,1
13144,-3.80349456152358,1.8552218194940224,-0.3692744022116201,1.216921163586297,2
13145,-0.9132121998305304,0.5523444146795619,-1.7305917995976918,0.7540098745912683,2
13146,-1.2190935714166806,-1.8114789012915928,0.3896339619748961,-0.6657228724288085,1
13147,-1.3333517586783243,-1.618716309715816,-1.4694062046392995,0.8588054799138696,1
13148,2.55247519909956,1.2840150649611803,-1.1067432919106954,-0.4970998305895258,0
13149,1.7478041532023252,-0.1387640606441735,0.0915551506649809,0.0485323639413678,0
13151,0.6446886431696821,1.3612613400506293,2.8235127005792706,0.7520658501347858,0
13153,-0.1337099575714578,-2.123805863735797,1.541216230470975,-0.6566494300461224,1
13155,0.7508515126958276,0.9102117028135496,-0.7189628765416689,-0.3414266262709076,0
13157,1.5656247920340676,0.4519336943667155,0.5123545581482852,-0.311494426499467,0
13158,0.9626100081471513,0.426519777985353,-0.2073405040365756,0.5300545811162937,0
13159,1.5955784410274343,-1.5246130110534262,-0.1941665416360601,0.1083932833035856,0
13160,-2.8859869711126955,-1.8219859741573785,-0.7983714138690902,-0.5953604062556849,1
13161,-3.335583605498357,1.660532387191173,-0.2961779172422315,0.8880492376671507,2
13162,1.4663517939547568,0.96554648844558,0.7793660408036461,0.1293593427897071,0
13165,1.2577024839071345,0.4251414424574508,1.3267132405858466,-0.1228717119656869,0
13166,-0.7712385455230925,1.227677857238096,1.6933436171742768,0.5788875291805594,2
13167,0.6552603674070455,-1.3444861648413695,-0.7496036059037514,0.2863325907614005,1
13168,1.071471166756152,1.0280857345674794,-0.0775582924564601,-1.0675535966665752,0
13169,-0.3437783384663428,0.054524762802592,0.3856629087544696,-0.0380601204462136,1
13170,-1.719877871028994,-1.777996456860586,-0.2963100150362053,-0.9307443498685402,1
13171,-0.3003406330419116,0.1781312888656898,-1.2023357858935753,-0.2395803739006488,1
13173,-0.1809524005737954,0.5099046353017492,-0.6222284394549441,-0.5142139321958225,1
13174,2.64136171812395,0.8932745549195213,1.1421655279623693,-0.7695892773065502,0
13176,0.3501082443707703,-1.642705095662758,1.5034912895416537,-0.6830691448213531,1
13177,-1.2736028671655988,-1.339356786670379,0.3094107201347137,-0.3456451989277286,1
13178,2.964536653912806,0.8960708422410025,-0.2503377005506587,0.0669697832391642,0
13182,-1.8516206327603424,-1.691081565831574,0.1341558359727652,-0.5711648656788085,1
13183,2.438054328955132,0.1854358692274855,-0.603484638737738,0.5920520012837432,0
13184,1.717697585816466,0.2744725544845303,-1.569420769501366,-0.1658905956157308,0
13185,-4.560394683217928,1.2093560997388004,-1.083852000623058,0.8053386286010714,2
13186,1.3827347381445272,-1.2244587680969403,0.5054427006804697,0.1637199244041613,0
13187,-1.7147646892191726,1.8610179095440031,0.8731209190707976,0.8832481410737687,2
13188,-3.1645296447669384,-1.8568888735007425,-1.070384411298589,-0.5166586974526435,1
13189,-0.3940753969767055,-1.4597408375662235,0.0090479213982568,-0.3924814941499384,1
13192,0.6143622732346801,-0.0825387772104893,1.040973230313172,-0.2891489088933981,1
13193,-2.2792191774314947,-1.3060204478681987,-0.8455411224482658,-0.6087321509879472,1
13194,-3.816173768054816,-0.5936885370945953,-1.3134877503064075,0.2250294769428694,2
13196,1.855945232779053,-0.286333151308555,0.1174508760633492,-0.0674137462308755,0
13198,2.84272124808732,0.8299447327612648,0.3094048526558653,-0.5187550498701888,0
13199,3.435942444801281,0.3036340799631435,-2.4719317410980244,1.5854991573716395,0
13200,0.4836702849146929,-1.4037850503036022,-0.8855057020658018,0.3089758673319916,1
13203,0.8036135778853121,-0.4051111344121019,-0.6218135437737686,-0.13619919182019,0
13207,-1.587329679646159,-1.1100126815559423,-1.0627982468335933,-0.0381764154003392,1
13208,1.0515772190231392,0.8315050306958186,-0.9273792413195452,-0.4726739481430138,0
13209,3.5919917091936933,0.6090035409665632,0.3004964650165926,0.2000330954133683,0
13210,-0.539828904366392,-1.1824271317504291,1.264374857997372,-0.1451881884676444,1
13211,1.165545668652845,0.3563978047310976,0.0934777448159073,-0.0453067009737796,0
13212,0.5626774751519109,-1.565505022029367,-0.6649662115185052,-0.3619689726622891,1
13213,1.3061908796593364,-0.175014470526244,-0.0195700860856218,-0.2784657191287898,0
13216,-1.527515057349354,0.9169803333824768,1.884474948417761,0.8488410726513095,2
13217,-1.3091157726975846,-0.7588721480234027,-0.4790698417440037,1.0885913578175097,1
13218,-3.155813433316662,-0.8130391648066322,-0.6290329483521618,0.0691196272294128,2
13220,-0.5455980886825423,0.3797256162499084,-0.9559936770534412,-0.1438924992535457,2
13221,-0.1257107852555394,1.9634033380955531,0.9272686311598762,0.1882429603415108,2
13223,-2.9396584010340514,0.9965116931324008,-0.6738507345986546,-0.0927554534844111,2
13224,2.141520464626224,-1.0150151471345852,1.9605186061119768,0.0382135998524425,0
13225,2.6387752592126663,0.931474268909504,0.9721163775243652,-0.2639759011675566,0
13226,-2.68427551479147,1.163441716139603,0.1245040523563238,0.4363389395919101,2
13227,-1.8969612344480689,0.4092007800667462,0.8353903491212255,0.1961405352870641,2
13228,-1.4392094996085054,-1.375352305091621,1.189643918723709,0.2198037858695816,1
13229,-2.502791091313486,0.702141086910532,0.2396156063320651,0.2627252315232777,2
13230,2.1627915996971425,2.107827286726816,-1.4684958651130142,-1.996848159715812,0
13232,1.2361372396110917,0.1309791594017532,-1.367249827061103,-0.5991711048025344,0
13233,0.5807855280322466,0.4897479946789895,0.8338037418552586,-0.1275866128040591,0
13235,0.5569731210868083,0.4593110096564131,2.6504059754812195,0.1584128916893338,1
13236,0.317125514684439,-1.355019057311228,0.4060395996970067,-0.2111520252638408,1
13238,-0.0080197132362817,0.3692791706215679,-1.4007604330415044,0.3479354290269719,0
13239,-1.0114735857665411,0.9197163498186994,1.781931985402543,0.5094744915132471,2
13240,-0.0302094601634307,1.2140329340839604,-1.096077934820729,-0.0642919223901443,0
13242,-1.9292478947766447,0.4760422626017935,-1.2381053040122778,-0.414418352496567,2
13243,-0.1764976301246112,0.4367946524003167,1.7991958021920742,-0.0296830288032241,1
13244,-2.255878039870313,-0.9433220303572384,-0.8510443821976394,-0.3982002694013495,1
13245,-0.7652864108573004,-1.5130375210359752,0.8041489863922725,-0.3554429977545604,1
13246,1.7197058790069335,1.099735139557123,-0.0899720438884641,-1.1131416980951063,0
13247,-0.550891789147352,-1.6637104324310872,-1.445047986668399,0.285384753464133,1
13248,-0.6650082702624724,-0.0256910542303398,0.3221823782829324,-0.1173745777815421,1
13249,-0.0410408164967627,0.1331185657771944,-0.0215635082292246,0.2427800039963315,1
13253,0.9274187451518224,0.8153973852449826,1.807697640835748,0.4599173615291116,0
13255,-0.6555670576596315,0.5680651228164734,-0.6717043571357665,-0.2004154270362775,2
13258,-0.0869466282280788,-0.4416342544975101,-0.683059647507696,-0.3697567806775254,1
13259,-0.5979379928659346,-1.324903227669358,0.3439299427193436,-0.6980098324062083,1
13260,-0.730922257664621,-1.4576276338670724,1.1695353254446157,-0.0878623491136956,1
13261,-0.9881805909544124,1.5749906807529916,1.3162931646005065,0.6362083375791179,2
13262,-2.065384168598476,1.002475788768657,0.8841131246720488,0.5588535077715882,2
13263,3.812074599055469,0.3664528072284244,-2.769569739710285,0.6360690851848096,0
13265,1.7255945374395167,0.2013258171866109,0.2927801482774635,-0.0250010121209019,0
13266,2.5723711228278785,0.0176990268172699,-0.6069448521917625,-0.0014949714853769,0
13267,2.110002017111324,1.9569161527941776,-1.5246592443896083,-1.2993056241341965,0
13268,2.6954594300115837,0.3558689352187627,-0.711449431909684,-0.521418825743194,0
13269,3.3779302613611075,0.2068169731746562,-1.4939400134394836,0.957919472212651,0
13270,-1.7253351870793174,1.914244744034411,2.403410566472695,1.9375764709252616,2
13271,-0.5629156965964798,-1.6675998617459549,0.4524196074120833,-0.9488591595696017,1
13272,-1.4861232927067685,-1.311804778215066,-1.1102992477137237,-0.2255473001793519,1
13273,-1.813564525433017,-0.9415598586898456,0.1759792777527322,-0.1160351815576456,1
13276,-0.4349451636034104,-1.114344225539935,-0.1900380286713509,-0.0330350630466434,1
13277,-1.74310065246729,-1.3857278472533872,-2.2725644071632467,0.5204002753174544,1
13278,0.4070653604379911,-1.7340029981975462,1.7335412600794955,-0.6177216688198145,1
13279,-2.249397226186744,-1.234539449507712,-0.2885453371403919,-0.256448051095508,1
13280,0.3378916128536639,1.1857815328119634,0.1249640966330398,-0.253748844225532,0
13282,0.4364764370238035,-0.3165551393253202,-0.2332436518186073,-0.2088956673354091,1
13283,-2.702326274859458,-0.6932875195808985,-1.9313364049586357,0.0847279589415248,2
13284,-2.236165996913098,1.7423427499634538,0.8182921471053347,1.031919388079764,2
13285,2.474086383359164,0.3074823710119174,0.9070311081413828,-0.5622997116679097,0
13291,-0.515756863943667,-0.4780854673846813,1.158285436616467,0.1858466102131112,1
13292,0.0167000422178155,0.1476571268393481,0.1504434937190013,-0.3448027256923928,1
13294,0.0510098551545656,1.0214383180396012,1.3234525704654418,-0.2543312038006229,2
13295,-2.411921309229003,2.0358094130028666,0.8404084772912191,1.3021633962774632,2
13296,-2.9184075268190592,-0.6868055286628866,-0.4255248562883831,0.2084339553424816,2
13297,1.5559502125104798,-1.8353047796582973,0.1850108090685331,0.2431300788807165,1
13298,-1.5922639773071137,-2.094214400126579,0.591262522459596,-0.3717467984390161,1
13299,-3.1886511506621544,1.182297925390657,-0.1434666209296823,0.6899646229280915,2
13300,-0.8197658269535036,-0.3683891025447428,1.1983299852346012,0.4445085354851877,1
13301,-0.0736618400401635,0.8136538184479883,-0.9689116300622947,-0.2544987632704001,0
13302,-4.64859478138621,-0.2475790900351209,-2.0738337644634592,0.5365467077383365,2
13304,-1.3619025730332477,1.8612368928672272,1.6985906650182898,1.154385338999265,2
13305,1.539327799382599,0.6916383187611638,-1.6431293146338593,0.2229299011364023,0
13307,-5.940881925413308,-0.6197876349570471,-3.3414647032477816,0.002271366992633,2
13308,1.164338423869398,-0.4916762468317797,0.5155770112899287,-0.30132867821288,0
13309,1.6100537078245016,0.2207568342612758,-0.2782637758277393,-0.3058562470199472,0
13310,0.9524773342150984,0.6928748776507877,0.1814573943764867,-0.6982561444992221,0
13311,0.003506800975985,-1.1774630326849531,-0.038490176684867,-0.1949321369823888,1
13313,1.2321743565606234,0.5113683588562038,-0.5179312754426797,-0.020896085053219,0
13314,0.5433679390581264,-1.6936798449191308,-0.3050202104874973,-0.2441378382794934,1
13316,3.27524983788902,-0.4003850650560262,2.06245404575891,0.3584260016530097,0
13317,1.4137138021908764,1.9355811410928232,0.1049300041833268,-1.33786784784137,0
13318,-0.4025086227905359,-1.9175936989287168,-0.6360885521870422,-0.0710323260302392,1
13319,3.93730843202973,0.6517871067182376,-1.7476751668192605,0.7249487509500374,0
13320,1.180968698605186,0.1305053661593082,0.4333009618624641,-0.3953513470540527,0
13321,-0.571614441536645,-1.328842243235707,0.4356269811043341,0.1996838050079849,1
13322,-1.2797213873246265,-1.8469382477900445,0.0545609536814072,-0.8541384792377961,1
13323,-0.7249227488902329,-1.7980182894993328,-1.9347736246413163,0.7979825699723923,1
13324,2.49008747216995,1.791236956646573,1.0217571205454623,-1.0146400151060715,0
13325,-0.2491912983244326,-1.2841240875117066,1.6372058801598086,0.021528930023408,1
13327,2.1543933625487206,1.109642740895599,-0.3018997444501897,-0.1534702945239172,0
13328,0.3718437240285333,1.4022748418861246,3.4245927371567464,1.224162615237441,2
13329,0.3333710838301801,0.5366590418149285,0.4967523688221281,-0.0095523232093405,0
13330,0.7867245902869343,0.4611279149848352,0.4118013429419851,0.3388683309411035,0
13332,-0.6572670607401259,-1.9250867698262044,0.7591770154866007,-0.7298129010501115,1
13334,2.654448870061762,0.7836885213665429,1.799368477320393,-0.4966321082656103,0
13336,0.7509256439686245,-1.3567146044408245,2.116151130756597,-0.2979161352227129,1
13338,-0.4839469654259399,-0.5047699719777333,1.530200015608693,0.4257340976055275,1
13339,0.2977408176153366,0.3820668095409405,2.303084189776412,0.0379015330683066,1
13340,4.101577970856395,-0.5472901640575425,1.1284768997855186,1.2594437694282463,0
13341,-0.0142223045443096,0.9840405115834396,2.322501078670124,0.5195305066885809,2
13343,-1.057558468682854,-0.2294359779018595,0.9368898436025112,0.5137818078957392,1
13344,2.0341158628839264,0.1900106997402815,1.0137793909593986,0.0272217493623932,0
13345,-1.2463351765831618,1.292916051696807,1.4623277815855704,0.7488081521616781,2
13347,-1.049224585589074,-1.4270377395277052,1.0281118599020274,-0.1182790683022775,1
13348,-1.3553455916513346,-1.416597836033309,0.421348368618184,-0.3504437046463574,1
13349,-0.9769074452403288,-2.0098338814758825,0.6473981672044945,-0.7634109409647808,1
13350,0.4281049102822525,-1.4937097943525368,0.397909231543423,-0.2727701599638575,1
13351,-0.9432546700590784,-1.356377583690329,0.685578314847949,-0.2712484499037457,1
13352,-0.340623692846443,-1.5213526491823766,1.2881117944369047,-0.3936457822478658,1
13354,0.7296314227936689,-1.429453305074437,2.0987237450034484,-0.355957377220009,1
13355,0.1355857683550969,-0.8575830573533774,1.7800107320016352,0.1086695671291705,1
13356,0.4323125808432432,-1.2691522375805413,1.788375338892216,-0.2378578081204517,1
13357,0.0533495934618407,0.9689918225653326,2.0918143392403468,0.2864574210837917,2
13358,-0.700496854497637,1.034761165390762,1.902382916397342,0.5484791299330173,2
13359,-0.5410006810894046,-1.3923624665063004,0.9618679908122976,-0.3329835687933071,1
13362,2.4033369106371656,0.2771306452843076,0.7491354543703316,-0.5670474302181384,0
13363,0.8374617448015237,-1.7874220513864274,0.9771254173104822,-0.3989165135388819,1
13364,-2.232290729576736,-1.2970938027399952,-0.3452428888678137,-0.333830044388868,1
13365,2.1922682999237235,-0.2979982643135545,1.8829818738922075,-0.5748050729887831,0
13366,-3.3457267053670936,-1.7249243276877602,-0.4555250858203605,-0.2794520573554238,1
13368,-0.6438759149498603,1.8263158072087575,1.026856388219393,0.3358563835924283,2
13369,-1.686617934645029,2.051410959985523,1.5078957956815529,1.3586096812955275,2
13370,-0.1919864395763627,2.089373212983034,2.6121888253201817,1.3556020367220816,2
13372,-0.7232627397135869,-1.1310596901269938,0.891252388314045,-0.1687799318157601,1
13373,2.5786994251992312,0.0948971743975727,1.5235375232824946,0.0030000238966724,0
13375,0.5048128131429568,-1.2238951477967237,2.015812120904664,-0.1415109840601137,1
13376,0.3262459732348496,0.4793219365650605,0.3810271457405147,-0.466693515946272,0
13379,0.4669170391452547,-1.2167102290395924,-0.5442147597548905,-0.1350623258077494,1
13381,2.4396690191193176,0.1363337078640631,0.2468144607247652,0.2728175141933746,0
13382,-1.8719249136303304,1.1992472905052796,1.0010039029532276,0.6489276121836629,2
13384,2.926378782663717,-1.5000662400418892,-0.2582020409222537,1.3850512221232627,0
13385,-0.5565089354417406,1.672276805551081,2.150454903959184,0.9998691692054492,2
13388,-0.1931416490876597,-0.7009256475309672,0.4164484055241424,0.376545299803921,1
13389,0.4807472289659243,-0.2989931458074101,-0.3982388891180548,-0.4075912836856857,1
13390,-0.4345539687460139,-1.3482527731052203,1.4059152242032538,-0.0893256469461091,1
13391,-4.992513058808125,0.6768150067417638,-1.927244940034706,0.2981622530803781,2
13394,2.3397255572429025,0.1925848950968302,-0.6553399099013343,-0.0651045161427647,0
13395,-0.8036765179308295,-0.2728764245232505,1.382721812480806,0.5143194036921043,1
13396,1.2191896948574623,0.2827043319120823,1.027687123145545,-0.2343466596243852,0
13397,0.6225998940441289,0.7848726130020198,-0.7105713797367469,0.356942602149683,0
13398,-0.5848884706653422,0.2497332367379639,1.7810983907658726,0.0074745149061916,1
13402,0.101570543377043,1.007728134429955,0.5669630697972396,0.3010795007769639,2
13403,-3.237193498183014,-1.8511863747862316,-1.0809229054533338,-0.6134131947374473,1
13404,-1.5026814768225207,-0.3626926504134179,-1.1108704441069628,-0.6533813174659794,1
13405,-0.6488304870093282,0.9451663013717676,-0.8485452902394034,-0.3916780073662568,2
13408,5.491363780849375,-0.2443829654234654,-2.644989069011338,2.5797519080249605,0
13410,0.0248368520147128,0.6275153142444997,-0.7631151504622591,-0.5478239380901979,0
13411,-1.6856674715892206,-0.891307021362961,0.0378835390049771,-0.0871755739174843,1
13414,0.940607190625144,0.414195111458058,1.2195282613967913,0.6500963410788736,0
13416,-0.6307237862177164,-1.346102969494302,-0.0604761628573702,0.0707398980434516,1
13417,-0.232129758678399,-0.3647850245532028,-0.2285547105630999,-0.6516375175733804,1
13418,3.2004422517481195,1.3733611401791828,-1.155921921607771,-0.4976002707193225,0
13419,-1.0851477059520414,-1.5004943970419191,0.7886501155079003,-0.3918029848545835,1
13420,-2.417109323898975,-0.37962501523342,-1.1521484906950858,0.5974930812969166,2
13421,1.935809734263132,0.1334189218266482,1.6353447220247133,-0.3484653678345486,0
13422,2.533393043959938,-1.511926505828412,3.4438125104418917,-0.3653854686003796,0
13425,1.403410266015498,0.397078396161785,0.943685597135906,0.3109219269804884,0
13426,2.5736141990678747,0.586095851250656,-0.8880218594141912,0.1335686214759474,0
13427,-0.0090832652713224,-0.4474372999756553,-0.3767563501718131,-0.3168124296754291,1
13428,-0.7874510760679474,-1.8911017134917,0.0952689528625829,-1.1305341454327018,1
13429,1.0559948174661753,-1.8405350069171529,-0.1658135503476328,0.119869766820701,1
13430,0.5751141354313569,-1.556673579643975,0.665210625839884,-0.3794511510273805,1
13431,0.9327293155817308,-1.302766901043175,1.2456849747396803,0.01954967049657,1
13434,-0.7365939733422061,-1.2363715020467252,0.2624836474678481,0.2449062444698587,1
13435,2.5339195953405027,-1.170655506571031,-0.2314198256229192,0.7958468965061402,0
13436,-1.6913374584139802,-1.985678704817838,-0.1702281487887763,-0.8111016157493864,1
13437,2.4813397258416643,-1.0210748478377545,-0.6733015579534043,0.6595044360488633,0
13439,-0.915572744671862,0.9365478291655664,1.3723845883069357,0.2231796483272173,2
13441,-1.0507256173361368,-1.1811169872760985,0.9136916451714656,-0.081397034975624,1
13447,0.788802303050069,-1.8166856953321997,0.1278965633655147,-0.1457047889746965,1
13448,2.413982719931016,1.3751690483977506,0.3073051694484386,-0.9541799824484476,0
13449,-0.7920888564529639,-1.861842480867403,0.7765257150374286,-0.6707769652409029,1
13450,1.492201426391087,-0.4187615103789714,-0.0370587233572067,0.1469826173934626,0
13451,2.697932898904357,0.9111720238111668,0.543567004581103,-0.9089226389624804,0
13452,-3.520597826140912,1.850810221107957,-1.3042437229779895,0.8096845632902367,2
13453,-1.368078483304629,0.8096960808861877,-0.3237189577927213,0.3670945022113919,2
13455,0.8586397429557012,0.5974652827454403,0.4420714692809678,-0.1983572039287155,0
13456,1.2427247819016063,-0.7931557510742372,-0.9762931150924264,0.5766359806464812,0
13458,3.857685557520889,1.1346380412104704,-0.1129183066717213,-0.4599789337963288,0
13460,-1.4610760466432235,-1.6984682715643584,-0.736667003103155,-0.4220552789654126,1
13461,0.9231162120716618,-1.1644231736873685,0.7695633339282398,0.5642523606816174,1
13462,-2.6421855919899624,0.9709753382825884,0.2481235149087956,0.4732144142303998,2
13464,0.4244234407191052,-1.525093045382989,1.7754340653322962,-0.4223851291149141,1
13466,-0.9774747785820682,-0.2615954230684074,1.245586115589771,0.5529435312479772,1
13467,1.0707835560726446,-1.7993568270756686,0.8348298136581322,-0.5786994042559765,1
13468,2.3650442766358943,2.7189891631966283,-2.378684608847905,-2.062100608337783,0
13470,-2.361140031518887,-0.931158562485087,-1.2179365139601068,0.2397002465237606,1
13471,2.425774844590655,-1.9576643532156703,0.4772222186387826,-0.1188347715130458,0
13473,-0.4868410127056616,0.5339294950687211,-0.2094971287128678,-0.1121852720042504,2
13474,-1.3019227830407154,0.8224004630196501,0.7729265211909541,0.0206078036867387,2
13475,0.5328081774094406,1.922713326059783,1.0350848920968934,-0.7713339241035654,0
13476,0.6033909844989359,0.7771170016707699,1.2459504226208231,0.3829586079072359,0
13477,1.1988230330528091,0.1656201780214791,-0.8177331208948826,0.1776571514914885,0
13479,-1.8829955630389537,1.0368954756254052,-0.0509821419300802,-0.1688892292129288,2
13481,1.5680497515025638,0.1446938152733128,-0.1191838514193115,-0.2146653396762427,0
13482,-2.1189033966650266,0.6948782027212109,0.7136748985415573,0.312622118879596,2
13483,-1.873241828942728,-1.4497456342486776,0.1618310321622464,-0.3660555081685819,1
13484,-2.132088744899161,0.906841017464726,0.5947895029992911,0.5510821005493538,2
13485,-0.7056464890293781,0.6607417091842032,1.8626528250423813,0.3376166243563864,2
13486,0.9170892096879596,-0.8919606502962052,0.2116191680609341,0.353849966193483,1
13487,-0.3530061626580683,1.0206731659690569,-0.6627618342325561,-0.4063737426184192,2
13488,3.828636001182284,1.0119059662633172,-0.235121109897844,-0.1288720747842147,0
13489,-0.856036650638654,0.6563193291660445,-0.7275479095846891,0.1083989731778098,2
13491,0.4136756101660111,2.5633643354707765,-1.2677489506586603,-2.073276880475978,0
13494,-1.4572100395544223,1.5070998055210194,1.4435742666521252,0.9085642949974944,2
13495,1.296645345274337,1.0105006431563834,-0.1624850396959224,-0.4981046858372986,0
13496,0.2918295619061782,0.469398260452547,0.0491790885419902,-0.2906140908281409,0
13497,-1.6296759553629707,2.166989472422154,0.2476972399342992,0.5197093170528635,2
13499,0.9166119405243944,-0.0039944130337887,-0.3423959879533677,-0.1653310504258389,0
13500,0.9835042590970142,-1.312186482644213,0.0594818622846077,0.0346940701054829,1
13502,-1.0390542116086188,0.6308928463842166,-1.2431261445176949,-0.7259527494731759,2
13503,-1.1330432247395692,-1.413437462386996,0.7195224584381488,-0.3559993500318544,1
13504,-0.877902967406699,-1.4189722420973236,0.7201476212164757,-0.4012359127420336,1
13506,-1.0965235839801486,2.2551333645526976,0.9481146106343934,0.6782767688728145,2
13507,2.407440839743054,-1.399283085981711,0.3975237041275851,0.1952106615574076,0
13508,-3.175466378719846,1.0044200120306723,-0.5975473472259796,0.2896966393041524,2
13509,0.5499174565830434,0.1988714298073346,-1.2744791487078235,-0.2154711969739306,0
13510,1.918749837068851,-1.209997414195354,0.0614038767140794,0.3238529610191342,0
13512,-1.6975255532173985,0.9884516398098244,1.1054489429400816,0.5231825998999147,2
13513,-1.7755141625693969,-0.7707906436349966,0.347805414392803,0.1630025978939853,1
13514,-2.640388769017651,-1.2374300505134113,-0.5030035825750945,-0.1090418533871629,1
13515,0.5450045240169198,-0.0808839177755059,-0.4884259408338925,0.2360729261057872,0
13516,1.2347278889955275,-0.3191868433125139,0.5732426798087944,-0.2029987565136908,0
13517,2.0843618406031084,-0.8640934535936631,0.9864806229779184,0.3065520037038121,0
13518,0.2453597470828926,-1.2435029786460612,1.7565961570797275,-0.199782740257866,1
13519,-2.8344686451894727,-1.0998940469695395,-1.0476748852429931,-0.2515252914993813,1
13521,1.4889621529960897,-1.989812280904002,-0.011580184832645,-0.7165336829012154,1
13522,-2.6389932498206115,-1.6908256954153982,-0.7020956467835885,-0.514737327536494,1
13523,2.6739333917413,1.1201811608636436,0.7259582153984152,-0.5834380436617469,0
13524,-0.3385955127034841,-0.4652611018762548,-1.624275009309433,0.4643911262320602,1
13525,-0.4313307365332672,-0.2738250721787657,0.4293178735350589,-0.1725812720298941,1
13527,2.2188861791939702,0.2222514273323418,-0.7421884499361533,0.3791402038840753,0
13529,-1.612087935670655,0.0045716880396735,-0.9624824128237331,-0.289016149266926,2
13531,-1.1185314287454498,1.8044365355050225,0.3002287631564831,0.1940675832684471,2
13532,-0.8708726842087927,-1.6296289194058344,0.0873927249137666,-0.9303818190152636,1
13533,-1.3225501871899976,1.1346937758809366,-0.9817096268516928,-0.2774933150241629,2
13534,2.2471842759190785,2.812207566970164,-1.229251759524811,-2.5489279157755447,0
13536,2.5431246591242584,-2.2395308009869748,-0.4170708682268849,1.0283302988599328,0
13538,-0.1820823664940765,0.3118484114260442,-2.199111768822601,0.8923737879029603,0
13539,-0.2303822639112278,0.8836559428504475,-0.3611467671447977,-0.4052163531366601,2
13544,-0.8079959800656132,0.0801885057514578,-1.1423667344015187,-0.7880571226286908,1
13546,0.2677514598591627,-0.4428043139981589,-0.6970730673029015,-0.6025098920372626,1
13548,0.5254271235832931,0.2190035721940426,0.5048574445121758,-0.4080942412097187,0
13549,0.1551758651653358,0.1575274604409526,-1.7763820020695582,-0.2985358143118335,0
13551,-4.076331731104824,1.788120935529507,-0.8856021894507234,1.0275393636329246,2
13552,2.022672149892825,0.7436874829639298,-1.2061547094537766,0.4153577272078988,0
13555,2.6071683807922867,-0.0117760548201275,1.680509112862958,-0.3658551960521061,0
13557,0.2538423619260516,0.0285951477227194,0.3910877025318459,-0.4231116990030372,1
13558,0.3246503386958928,-1.6916121651396951,-1.515929323134654,-0.1987754359297381,1
13560,-1.5532840531243912,-1.8605006074591883,-0.4785576377876258,-1.0096836381566134,1
13561,-2.3800576309990125,0.5804095260061545,0.2533779433412657,0.0931218768260055,2
13562,1.2523363176278317,0.0371217223371576,0.7908435301829998,0.1491137536795701,0
13563,0.0879950730106779,-0.7925076198904999,0.1429676027812564,0.1056587209375668,1
13564,1.1023274958365357,1.4582062534246558,0.8770603312261498,0.0768522912115831,0
13565,-0.8628299324849119,0.4244286768800377,-1.0990731346184897,-0.5486142761680142,2
13566,0.982605116245695,-1.376039267227377,0.6433584752577349,-0.4527164726905118,1
13568,-1.6317706300722854,-0.1642367939856542,-0.0734823384648377,0.1877390358558322,2
13569,-0.2709276246199577,0.6771850315712827,-1.0189229847946704,-0.5780656738307447,2
13570,-1.4591839028063298,0.8221079328641574,1.0436138543050837,0.2538155640781878,2
13571,2.1598056166971173,-0.6636629877407563,-2.105783642788326,0.923948327251654,0
13572,0.728153603145615,0.3534887486416627,3.03515910321741,0.2816159982633328,1
13573,-0.8069094418683076,0.0031580977850694,-0.372315110025692,-0.4499097630185321,1
13575,0.2983279463992191,-1.19328191471737,-1.6733973722128384,0.6867246699648145,1
13576,2.888492744491211,0.9507068282123996,-1.4230010118483734,0.3365470253710122,0
13577,1.3904879583642886,-0.3141567134455169,-0.074585262325035,0.0530794912155552,0
13579,-0.40814355534002,0.5914399429343008,-0.5663099508045464,-0.22980930133924,2
13581,-3.200951952166695,1.628801948076419,-0.2707738933989316,0.8219584839323261,2
13583,0.7243517682480325,-0.5861176788145137,2.4150973824239075,0.2768482647787672,1
13584,-2.6440765999560023,1.6360045916241526,-0.094274355458443,0.658562723315191,2
13587,-0.4199351371049001,-1.4503004190335265,1.508305125124325,-0.0182940323200381,1
13588,2.563239908604654,-1.033643611566725,-1.2517475024744094,1.336638087278109,0
13589,-0.846429155664747,-0.8540925069142359,-0.963814787084465,-0.1192311323024625,1
13590,1.7445094978983358,0.462120042247222,-0.1380838999635199,-0.51662574540657,0
13591,0.6264791136064988,0.5394436730176878,0.2655662177079451,-0.6009588968904805,0
13592,-1.99287659990124,0.8184413994354087,-2.32015854058709,-1.0857038061857172,2
13593,1.1857589976995582,1.3260426627289,0.0227676201415095,-0.2304129980813518,0
13594,-0.2595660421802194,-1.6022582061042778,1.331283175201621,-0.4638718335153864,1
13596,0.6042848980432395,-1.8922209808994863,0.1852533199545146,-0.8378002969565561,1
13598,-1.7423906508729072,-1.430433860368239,-0.5680679910354189,-0.7316554587239664,1
13599,3.3298658762003117,-0.0549106379283069,-2.423052733456562,1.5123860373083344,0
13600,-1.4997541686235754,1.411335083727962,1.5730235684210598,0.8233264643472888,2
13601,0.6538906548275978,-0.2368252012329898,0.5589113132003023,-0.6912611616042202,1
13602,-0.3675473377887338,-1.447343423150518,1.2494827275232006,-0.3320222036554479,1
13603,-1.3111748719355356,-1.799654204115771,0.1179655362977201,-0.8428014409631768,1
13606,-0.8174913819371938,0.654887600637437,-1.2910583434538931,-0.8855931190159264,2
13607,0.6207009459641233,-1.617637226897949,1.4512618774405155,-0.7359506274878066,1
13610,0.9731845630908088,0.4288611435852859,-1.8693378423745552,-0.5753904092122561,0
13611,1.084955002273153,0.7325125872148507,0.2924401169745608,0.2873074844544629,0
13614,1.7013732459658375,0.2980846345860479,-0.5511438705283255,0.0052309737319792,0
13615,-1.068565217700138,1.5802462397225918,1.7411608183457483,0.962111560730496,2
13617,-0.1987625268984381,-0.8778329369602978,-0.903811123040546,0.2479954594863785,1
13618,-1.5761952601349605,-0.3871084241732638,0.7941997496197227,0.4273204696768395,1
13621,-1.0533887524079495,-0.9819560492550068,0.9861012775772084,-0.0413124899107894,1
13623,-0.0702634746199672,1.2553720944947504,-1.309989027772689,-1.49998251130806,0
13626,-1.4327468249795887,0.8727145492151464,1.3121224110272516,0.4169238653509053,2
13627,1.5623085404810515,0.7611697386897986,-0.1991018512963533,0.0925754670355752,0
13629,2.998481674977985,0.2629492694979535,0.0500832814864588,0.9222961049043764,0
13630,1.683396876340232,-0.1840235712098905,-0.8609609481355531,0.3620397684731517,0
13631,0.43162291001604,0.355079149920797,-1.5174212058780667,1.3080459466601992,0
13632,1.7946786597468132,0.0019405576357365,-0.1298877022987067,-0.3704385541902875,0
13634,1.5396869535361348,0.578335621330477,-0.7132874569549099,-0.2590576924603093,0
13635,1.1829544866976474,-1.4527498772513747,2.424459912359163,-0.3501706333931219,1
13636,0.4562667552889732,0.7065540213911504,-0.8129489844007958,-0.79398471065418,0
13637,0.3653387056626044,0.2786293301045442,-0.1244293894975339,-0.8998086580265321,0
13638,-2.200890059064944,-1.9041728437359715,-0.3474962669354704,-0.7173680000443352,1
13639,1.0381548643487142,-1.4408698806129323,2.558158762820081,-0.2110485992468768,1
13642,-0.9304086558396516,0.6064813925533034,1.0782359695649657,-0.0585106687322345,2
13643,-0.3344469030476539,-0.8862354931850163,-1.0070579875537018,0.2610679765000807,1
13644,2.4633006187581885,-1.6063556127700722,0.692164696882916,0.1875156219718955,0
13645,-1.6563267891868934,-0.9187093195426907,0.7809825139348487,0.2862640352794633,1
13647,1.4714076083507577,-0.4317281823835678,-0.0710600360401531,-0.0597794068832813,0
13649,-1.5553485678257546,2.066911136027896,0.0482446167239984,0.3361638561745368,2
13650,1.5197666727310148,-0.0263807114560537,-0.771599346748304,-0.0114951857259829,0
13651,-3.2482007467092595,-1.531886632965174,-2.395234018286301,-0.3358032977225767,1
13652,0.8136395698316041,1.0155323748935865,0.1805006433309759,-0.4438995806324968,0
13654,2.2552320734938163,0.4627231267572791,0.26161492454912,-0.5355417842692476,0
13655,0.6021960246642948,0.2078619522583292,1.0940032269467328,-0.0831546010642672,0
13656,-0.3428876762880636,0.9780890026691414,0.324209859055899,0.2316989875352713,2
13657,-0.7965953955756131,-0.4303006568532288,-0.4033418611525547,-0.6250595356342048,1
13658,2.014446924927075,-0.7034596069017361,-0.1433009867782096,0.1622528227484511,0
13659,1.1271193711746386,1.4717832083707931,2.071084494780933,-0.0452341644698102,0
13662,0.3335820899154476,0.5593307958512702,0.2295490926212057,-0.5309808773042163,0
13663,-1.911434031640346,-0.2080455804845051,0.2577655548328837,0.4806941621014086,2
13666,-3.157538872605772,0.7794464697074936,-3.0548965416715887,-0.7440218592930066,2
13667,-0.598867402281891,-0.45764729394901,0.65618004582088,-0.0547349725737127,1
13668,3.0544127360668645,1.9773433589217675,-1.2005007302938644,-1.515617532985347,0
13669,-1.502034088379681,-1.0255724690185426,-0.7122031763196309,0.068860553492405,1
13670,-0.5184799496061642,-1.3539301312452858,1.1358749703118092,-0.3157919313601677,1
13672,-3.214905903195472,2.063403735626187,-0.6023603799273856,0.7244684338774952,2
13673,-0.7500685071425068,-1.6474073655649406,-0.8312220702846891,-0.5985826872403428,1
13675,-0.5413615673129336,0.634970624613636,0.3680372416841229,0.2399967743431285,2
13678,-0.704940553064425,-0.7603274376097667,1.7378777459510677,0.2687058843899762,1
13680,2.886697455952853,0.514481787456058,0.9786875654863962,-0.515544251940387,0
13681,0.2946392507495415,-1.20323756342531,-1.1666163733532222,0.3874154297376259,1
13682,-4.404416143148733,0.4438503280539336,-1.5622862638078818,0.0123879203630573,2
13684,-3.2398221115379715,1.4079202781530753,-0.7420645409998808,0.3092989839893602,2
13685,2.3515085984528428,-2.4969815004335305,0.1743669764231995,1.2349476662366785,0
13686,-3.0585828310078007,-0.1877731028753342,-0.589181454996919,0.422237087389019,2
13689,0.1206377822851265,-1.6015239308968252,2.3536195525887926,0.075317930635662,1
13690,-2.049458319861383,-1.4102507705860468,-0.2055441511538965,-0.3538815146243346,1
13692,1.2703042532219784,0.0665979598542491,0.9708951930444468,-0.7913154990218476,0
13694,6.193591327820748,1.9709335396749303,0.4567502990037408,-0.8772173895509107,0
13695,1.6535734362017784,-0.299788408950088,-2.172601330803379,1.023375293374039,0
13697,-1.6608340516364852,-1.7247806352322652,0.2081997356146563,-0.5900855511612805,1
13699,-1.5284404388626327,-0.3931328647027515,0.3874851648651367,0.383115475837014,1
13700,1.995916994100456,0.9108497190202256,-0.9528857933670914,-0.5617155356183409,0
13703,-4.406201392180387,1.7478345090322098,-0.8289591401807276,1.2422011485327866,2
13704,2.174531779389869,-2.3981177213374485,-1.641835899666772,1.5239303666960111,0
13705,0.2608615906897753,0.4829013471960459,-0.7030838878378155,0.0196737605265096,0
13706,-1.304840767705682,1.403264854003015,1.5422576137712996,0.827420964898336,2
13707,-0.2606109656358097,1.763934571243829,1.2785162282967533,0.2768568390217155,2
13708,-0.8858991640647182,1.0657483569568118,1.5508685206540715,0.3640023075040919,2
13709,4.0221152880873605,-1.3567119153879823,-1.6605152634282954,2.598519379356126,0
13710,-1.627737022933151,-1.8116892306956929,0.3661324314542195,-0.5250784018719008,1
13711,-2.183920247281373,0.9989970272225892,-0.0584671294846479,-0.0951571222956289,2
13712,-1.5468411752959397,0.7068676320290673,1.587599269449821,0.4820438835240571,2
13715,-0.1584456157530273,3.1272696868927947,0.3110338855637121,-0.581691172562931,2
13716,-2.148666250704858,1.0758385029434905,0.6047449052968964,0.3946338388934113,2
13717,1.6475380688804673,0.1186857634785139,-0.5078606239670298,0.0501653166216948,0
13718,-1.9675561322687645,1.530918474539026,0.2298949776418933,0.2952568724907271,2
13719,0.6784565844022086,-0.0920468364634447,-0.9367447194386388,-0.4089560582219616,0
13720,0.0074027183826741,0.5828026098622874,-0.3957557689012372,-0.091745027093359,0
13721,-0.0026936308144858,-1.7464212509796355,1.4278154388668007,-0.5514994594334884,1
13722,1.7966904354778208,0.4223660307229698,1.4528003236381892,0.454951421699891,0
13723,-2.6058961521891075,0.6383632078097732,0.210218352424691,0.3408593518616402,2
13725,1.0459118248536947,1.728131471331401,-0.6888004084384022,-1.5745310521535365,0
13726,1.0162571636530635,-1.4244356628329895,1.297400110788443,-0.1065477757475809,1
13727,-1.100970251017929,-1.6922589044903364,-0.6137990137824862,-0.3757145530814449,1
13728,0.3056298012468231,0.7446394709589093,-1.354151488272524,-0.3548020104941421,0
13730,0.1736481454650747,-0.5616437587851574,0.7971849067192255,0.4724371299371153,1
13731,-0.6590637296349915,1.1658872678365262,0.880924922017851,-0.1152248915799307,2
13732,0.1888903050921376,-1.8782019389466544,1.619931132746455,-0.6607032845122105,1
13735,2.355130790519529,-0.3349855242592168,0.4644786186701881,-0.0724282487771923,0
13736,1.0694599679051089,-0.0776698582400564,0.2803914568282232,-0.917062184465616,0
13737,-1.1458169872591455,0.4317287458459571,1.067708318926418,-0.0123453167890758,2
13739,-2.196598626107685,-1.8466011843580576,-0.1408224264658337,-0.4072161071692226,1
13740,-0.7865260555402163,0.6799285433731574,1.9366858493208932,0.3450622271020754,2
13741,-0.28334611733554,-0.0670202810181394,-0.6801504506041496,-0.0728363214005523,1
13742,2.1003903016330803,1.0354385418200431,-1.546945801728686,-0.6566516669089055,0
13743,0.7219564284575529,-0.4952693375990722,-0.820185182100732,0.6036950271818985,0
13744,1.125071979813419,0.3386270352055295,1.4676637469276022,-0.052809740204264,0
13745,-0.5758495258943015,-0.5470458063681806,1.5339253661294163,0.2994758863070599,1
13747,-4.775763508082024,2.335770507447664,-1.0086740417682571,1.6160608231137017,2
13748,-0.0256556850353903,1.4678092774956402,-0.821628875806468,-0.0985712037724817,0
13750,0.6861025693309338,0.6502380023698193,-0.5767440110220053,0.3379948657205339,0
13751,-1.740526759238472,1.2319582294239235,1.374611295872576,0.8616916273497547,2
13752,0.5363897361777594,0.7057539330959303,-0.5420709117967433,-0.1316645097592907,0
13753,0.0432348604372181,1.1786248179223,2.6813215402500385,0.7495901567566169,2
13754,-1.4503206961305328,0.8185993646230817,-0.2671430815340976,0.3851718139644485,2
13755,2.250613441168193,-2.480277479997238,-1.887671416752594,1.2814961387026886,0
13756,3.0378454315704166,-0.0806736741658838,-1.432942670302345,1.4747196230481805,0
13758,2.1520516369312097,1.5905873226270728,0.1157907264272103,-1.2495602804024442,0
13759,-0.137825350341891,-1.5002900514680644,0.199244762640044,-0.191251137042597,1
13760,-0.7281534738075012,0.1337321286219857,-0.7047594593249056,-0.5835244185991576,1
13761,1.089983895188435,-0.82384522234438,0.8697143741032193,0.0038538910636737,1
13762,-1.4542112257044597,0.4451505179274285,1.63624546509544,0.403491904088259,2
13763,1.1423026670030634,-1.579760607934334,2.970166387757159,0.0127523008398488,1
13764,1.8057593115046409,0.5609550451002457,0.4930738999405006,-0.0281833079822874,0
13767,3.198677527018205,2.960079676945964,-0.5666723427211314,-2.169510259818529,0
13769,1.8205557264226144,1.0923857040725904,-1.2505550151311218,-0.409840354108422,0
13771,2.024449274960255,0.2597444199471815,0.9100651187310006,-0.3770220327206152,0
13772,1.2018604618122044,-0.1174234679616313,-0.037940946938719,-0.4360541383254454,0
13774,-0.73741734479154,-1.241453344656804,0.9209882309344978,-0.2375624212849639,1
13777,3.678943261981432,2.811381491224426,0.3632299068521267,-1.9947430627987937,0
13778,-2.069346113388962,-0.9679743443779852,-0.0620386930941211,-0.0195695652541658,1
13780,-0.1333777134598208,-1.01661768261535,-0.5073070271956958,-0.4086108629775931,1
13781,-2.853801017806213,1.071103733285514,-0.3788710432202372,0.2954911627654603,2
13782,0.6875502821244044,0.4105849851823958,-1.973590275094231,-0.0769585958240847,0
13784,1.2271166117951184,0.5469174549692014,-0.8950676396897971,0.2631739323481419,0
13786,-2.221077283854042,2.027918331923154,1.2966834222046453,1.4506247092883948,2
13787,-0.6345041732509888,0.7472973866024112,-0.3127750917391773,-0.0557459523724352,2
13790,0.1851151351688051,-2.165969238672369,1.5184411730534215,-0.9758170401111412,1
13791,0.6101152592074222,-0.7495128295914512,2.01873444169258,0.9343434838455028,1
13792,-1.8412717709876745,0.3746365219626986,-1.3155351307802314,-0.2337370512222516,2
13798,4.493717709188017,3.0612005041173918,-0.1924248323592764,-2.2307352573242185,0
13799,0.0519201969126991,0.5376673910922635,0.6071681714392827,0.0964075674948867,1
13800,-0.4420845462075071,1.446206597202604,2.2486247858332566,0.8719337896294788,2
13801,-0.8047688639777871,-1.3759884181534838,0.7589965750166826,-0.3700725737012339,1
13802,2.4063376279637008,0.9496505558582816,2.558677237433449,0.161102459758472,0
13803,-1.6202974803389636,0.9584723952252416,1.0562735593559809,0.4718050230776621,2
13804,2.313477930899376,-0.4006409963964741,-0.8633895137119671,0.947828163829752,0
13805,0.6278296810250606,-1.3611476036281278,1.6783841281672531,0.2812304644627459,1
13806,-1.7299448679182703,-1.319927042947643,-0.0047577204299258,-0.2597899325319334,1
13807,-3.384231335530295,2.175021798476172,-0.0485214003665453,1.3152206508452773,2
13808,1.444359837492715,-1.7393691684299617,-0.679273929246391,0.4729976183834277,0
13819,-0.0699699063358226,2.136803689000889,1.7782157633531002,0.3311108055893317,2
13821,-0.8091393312908104,0.6070728477103376,-0.3378400429725613,-0.0412218169066972,2
13822,0.6337490900150556,-1.8191976513807195,0.433961119144579,-0.7020794865896951,1
13823,0.6111222169287946,-1.455484632478919,0.6215925443757873,-0.2514920498965693,1
13824,0.9465413359513306,0.7880058251178259,-0.1966762246281157,-0.5326629654742783,0
13826,-2.036035111246795,-0.2394861091712471,0.2152619537071716,0.5129406652514421,2
13827,-0.5024543706380789,-0.8672385888139087,-1.5829287021663967,-0.0100798220039899,1
13828,-1.0413279097276782,-1.9477288958849184,0.7428067138756311,-0.7014935013739292,1
13831,1.4903835854605805,0.9800966456502458,-0.6547238003129793,-0.2767484911852103,0
13832,-3.736835696922208,-1.795047607692877,-1.6220199281366694,-0.6745725736059323,1
13833,-0.8703703562309517,-0.3799956472743868,0.8368883587009991,0.3056065775930157,1
13835,0.3989554624774444,-0.4306994220270401,-0.9105774888282836,-0.0900451719938219,1
13837,-1.7279932216003897,1.534097647283971,-0.0498156540162198,0.007295684631825,2
13838,0.6560037589233811,0.5117389259071743,-1.7802103983741095,-0.1282381377977534,0
13841,-3.5751495341722186,0.7995963753870783,0.2603590106711366,0.7208065413771096,2
13842,2.0979054282598417,1.8975850887122785,-0.2282601302069858,-1.12083991136663,0
13844,-0.6068778695041654,-1.968967281767308,0.8360169947603767,-0.7360784631670887,1
13845,-1.127755175268719,-1.4589519533563535,0.8678499640011589,-0.1957479977083895,1
13846,0.5424358681532202,0.9235409542733752,-0.3137578354486234,-0.648319811071286,0
13848,0.5988871666093222,0.8185445627470045,1.8294692759909308,0.3729660870575545,0
13849,1.711670520676276,-0.8948320485676078,1.4083818408922948,-0.0150315572368456,0
13850,1.727476730387848,-0.840945359442115,3.015561214771618,0.0907513303636201,0
13851,2.0959835790417705,0.2739011490444872,1.5293882161207657,0.2933758919647522,0
13853,0.5567049576080325,-1.5216697971822415,2.051190255004024,-0.2091108047880729,1
13854,2.026919334234057,2.8661653664843465,-1.0012856808288513,-2.1836479449447914,0
13856,-1.190694464762028,0.0876006532598544,-0.1489961451495303,0.553353492792496,2
13858,-1.7289062235556312,-1.4275944694588627,0.0138730478627875,-0.3657195694487955,1
13859,-1.836472206232796,1.688020722388781,0.943318276446927,0.8378058005388589,2
13860,0.959771787077674,-1.8041633633132008,-1.0936797216142429,0.4009303224010744,1
13862,1.8394718414980848,0.821482882439872,-0.7098532400506595,-0.4937973267584523,0
13863,-1.2223440502912089,0.8209327078810691,1.472459131638732,0.4023766965111863,2
13865,-0.5798686086420134,0.1954840727825814,-1.688250466107488,0.2856748818183978,2
13866,-2.3703666060905637,-1.255479505933785,-0.3771066822989374,-0.2243530502369105,1
13867,0.679720292377976,-0.3105632651857154,-0.043585619568293,-0.2962802546052801,0
13868,2.1888816428654407,-1.982761278772259,2.5089756767063043,-0.1573430807781099,1
13869,2.326977202906414,1.5873904818875726,1.3056689431721742,-0.5461154243297953,0
13870,2.32624364368056,-0.685520293400802,-1.290685549278338,1.1576062475660438,0
13871,3.1708605817505435,0.315194796083132,-0.8381346175676384,0.4250406878041031,0
13873,-1.269539711857692,1.0991514025959008,-1.0641621751516743,-0.2066329131805902,2
13874,-1.0013807725427075,1.9761127031057208,2.015428883554057,1.355347290886451,2
13875,1.571233750044981,0.4035435032279509,-0.0479466955994013,-0.0296850860393835,0
13876,-2.6862666381521305,-1.3043732359016984,-0.8017578515967658,-0.3307004982543391,1
13877,-2.595073951003166,-1.2612828764744364,-0.0645006717049945,-0.0237422017109348,1
13878,1.004663885589672,-1.564135171364908,2.3616667131428444,-0.2861880148647535,1
13880,2.3847819597547484,0.6635375181774354,-1.681267935062246,0.4581442507917576,0
13881,4.827131665667672,-1.5595136702050958,-1.0659942372929183,3.3076110510080725,0
13882,1.0422541667522764,-1.9948153225183505,-0.7981197427817545,0.3656599549875569,1
13883,1.875866155100572,0.7673517107589435,0.6173382717136113,-1.5335392891713449,0
13884,0.0229040110547106,0.6310548411169364,-1.434856033583747,-0.937073053314282,0
13885,-1.057089995971877,0.802684434222424,0.4681104079007382,-0.3542694307159141,2
13886,-1.3126233936308525,-1.327297778731788,0.4080579420521872,-0.3182197108451829,1
13887,-1.2126772113778663,0.4287630738185738,1.2388522789660914,0.1136402605843398,2
13888,-0.3085687176810295,0.1746092719404338,0.3065006442748131,-0.1213302961865332,1
13889,-0.8234941414672176,-1.1108030185718405,0.9639442081969204,-0.0362192165266449,1
13890,1.8743592134562168,-0.5477755643876242,-2.57934993643834,1.8522788854901744,0
13892,0.2757137899013865,-0.381318305713941,-0.6138139101106557,0.0687305419953761,1
13893,-0.4489952944259104,1.3806327602182535,2.235583703365044,0.957957561103875,2
13894,-0.092790086645612,0.1785186585997023,-0.763964795167252,-0.0843418522897656,1
13895,2.189182259314027,-1.1826751243142546,0.4390567353075194,0.4682673448079305,0
13897,-0.8550399061485054,-1.5889135039675122,0.8270356217478014,-0.4408484737773614,1
13898,-2.339506499389646,1.6318100677277243,0.8467206570499565,0.9603727868582952,2
13899,-0.751559558324027,0.0613402815342256,-0.6587676178353025,-0.4690877293495393,1
13900,-0.2508147246242542,1.017883808375978,0.2979833036121506,-0.0110588533236162,2
13901,2.3025771440671923,0.5993100877651174,0.4598335445720981,0.062365019095125,0
13904,-0.5515199034288459,0.1815890611887772,-0.3058723187783146,-0.3980725411812483,1
13908,1.8876839728103785,0.4948015399276485,0.8526098206843974,-0.227248671459731,0
13911,1.8530754172183737,1.46896932885862,-0.0813837269518716,-1.2598963352853096,0
13914,-0.0055417510775993,-1.8230649844250213,0.2877456764321165,-0.4228760937909215,1
13917,-1.1996610335971305,-0.3389437165493852,-0.4728843451950182,-0.510528837407765,1
13918,1.09388479596958,-0.1124235201197995,1.513075441035815,-0.2226669123351635,0
13922,-2.6091822005097822,1.9155123328373835,0.81344670733732,1.2834588770201036,2
13923,-0.7248267747659585,-1.525858636042189,0.8653747422886026,-0.4218162060765688,1
13924,1.831943907630161,-2.098248669607203,-0.6770070111166812,0.6264613023814833,0
13925,-0.2664477672976035,-1.0029480680468772,-1.070385028408774,0.7562014144131217,1
13926,-1.5161476998302643,-1.8131833224668843,0.1677507545585349,-0.6128562663861471,1
13927,-0.6898723136498034,-1.3286246404926594,0.9858201103126096,-0.2777451057687054,1
13928,-0.8043832604066109,-1.2760610361941327,-2.168171500818718,0.2957320048150301,1
13929,-0.7564758356160992,1.0104704592808935,0.4123634494727448,0.7735663921431131,2
13930,-0.9157230576229816,-1.0486247005129257,-0.3009381990737106,0.0551022001522339,1
13931,1.0627295106022006,0.3445326520803407,1.3061446885273778,-0.0519299871787578,0
13932,-1.8121349272061589,1.4299605700123996,0.912913586200786,0.8041988045893633,2
13933,-0.4764781498011242,-0.6848214478748933,0.0921688444421184,0.3708964816194994,1
13934,0.1305853529073415,0.9690501716944424,2.650480644587021,0.6412596236785643,2
13936,-0.5431630360157911,-0.3035324273752369,1.4963716548764234,0.4707131800303935,1
13937,-2.0628415353712337,-0.37257907668424,0.3178927079231082,0.4465151806718026,2
13938,-2.870256402011622,-1.6975336837823976,-0.8794924269754159,-0.6530500644950624,1
13939,0.4538812667142536,0.1058002496699686,-0.2955689994980292,-0.2048357901722448,0
13940,0.4540131770993226,-1.3135540413543634,-0.9351232972616202,0.3477072209703268,1
13941,2.5201005655928697,0.5681986920443446,1.0493096291576882,0.4290361458410336,0
13946,-0.6510275683411163,0.5064722480105348,-0.1103518718955844,-0.3099442508907169,2
13947,-2.991793225984136,-1.3447999390263163,-0.8840644462675814,-0.3182668259897376,1
13948,-3.680093434296511,2.057445179344355,-0.000669440645431,1.4067685363511528,2
13949,2.4069278205367244,-1.9916435048693208,-0.2490292605835017,0.6643754129228107,0
13950,0.1229824505586111,-0.2914536126169139,-1.2335648355914317,-0.0310048963940525,1
13951,-0.2848991515217065,1.1501449300407467,0.2126854402773859,0.0246391509481513,2
13952,1.9368372865463737,1.0238970535687069,3.047098799139293,-0.0818763735740779,0
13953,1.7448784297196605,0.4452137797358707,0.285254174839337,0.4296568706915099,0
13954,-0.66436516363463,-1.5692859469809206,-0.6081783351315202,-0.4352728960006251,1
13955,-1.092313359814971,0.8702731305156974,-0.4517101935759071,0.1642836369284439,2
13956,0.9373835576628204,0.1522470602005093,-1.2514380027576608,-0.5570581858014615,0
13959,0.14149237370963,1.1920400110815006,-0.5211990973393609,-0.5156316684988256,0
13960,-1.6027717464635878,-1.5311174425458582,-0.9982139179839784,-0.2901039520967173,1
13962,-1.9746506200795968,-0.0609230322194622,-1.5346019744443635,-0.547282672169341,2
13963,-0.9431725525708924,2.87609691715228,0.3269720683791507,-0.0226275403762455,2
13967,-3.4995539119940227,-0.5605409503550708,-0.7627019891737458,0.4176581215827374,2
13969,4.172976285955168,0.1055469616460898,-1.438161417808332,1.2167915261553282,0
13971,2.220030524385562,0.1606347645148792,-0.6507733188771408,-0.0001576866573131,0
13972,-1.6717060435829825,-0.1781912289573933,-0.8043874493909862,-0.4342012704856543,2
13973,-1.903412599947184,1.271518146244456,1.066229828903929,0.7923382293775041,2
13974,-0.3324234890863367,-1.590828819400017,1.126686943188379,-0.5004424948853432,1
13975,2.40350766102622,0.0823161624807451,-0.2602653069170652,-0.11087819624241,0
13976,-1.3986472517750328,0.4188860522206908,1.3551727451716231,0.2748050123078083,2
13978,-1.3716597903762229,-1.8060898885047867,-0.6508913515725756,-0.4647090417929169,1
13979,0.9123703104728098,-1.408546701722469,2.252638528434409,-0.3230880797777387,1
13980,-1.4810958726578332,-1.5046183542297884,0.4581478863441905,-0.3611797968422174,1
13982,1.674009518980427,0.8310697541841445,0.3037955122753412,-0.2092413730964833,0
13983,1.4245453337194574,2.116523886055227,-1.168277138911792,-1.5258405075845412,0
13984,0.1199842029640741,1.0343441252455106,-0.7451321971101601,-0.3686951681518647,0
13985,3.702139500782492,-1.628315531053556,-1.7138477027635417,2.676175441368348,0
13986,-0.5966982278412268,-2.0398751122849856,1.279507616379686,-0.6099342663408087,1
13988,3.0210827298488647,-0.1668913371494426,0.5149246359290831,-0.0620944564738729,0
13989,1.156722168869152,-0.135110768499707,1.6921797005622292,-0.1831196707711246,0
13990,-1.2925893741978718,0.4746348405325717,1.3389595913866503,0.1935687672324371,2
13991,0.859008967905569,-1.632630634665053,-1.5584500963196846,0.7849610371740154,1
13992,-2.940841513198952,-1.7519288590552955,-0.8592034226784336,-0.6118824000489611,1
13993,1.8161988157229672,0.8454503662963444,-0.946077321443097,0.094632386627955,0
13994,2.028436146943025,-1.5587127367019955,-0.9499396108434608,0.7814237749364831,0
13995,1.2328725539691243,-0.4671626406970384,-0.7108885975865041,0.2685624492126681,0
13999,2.6830784933319536,0.3160054333824927,-1.3692235308329443,0.7748556750780267,0
14000,-0.1458262232025541,0.3030047951174998,2.690448585044788,0.3278601377504661,1
14001,1.4623194895039444,0.9719642428257316,1.002146259112132,-0.2388078474172986,0
14002,0.1575324511663968,-0.6778312526902268,0.8576197770248908,0.3313091924016402,1
14004,2.9613903394027576,-0.4256967539478588,0.0037751807032566,1.161726676893071,0
14005,2.25898156064169,-0.7761518473119823,0.5007860343885211,0.3224838648076423,0
14006,0.1742656583529199,0.9294197363625268,0.5253080570891844,-0.0611869103605057,0
14009,-0.3733163435160699,0.8089879148136173,1.113719364249525,-0.3272180448120274,2
14012,-1.542286429162826,1.1375927311888587,1.4465375144537322,0.7665818016238399,2
14013,-0.3834756686700658,0.3281005960095215,-0.4340436104500495,0.2136773487987615,2
14014,0.4968883082611843,-1.4688411643007704,2.1879789369648104,-0.3300581308101862,1
14015,0.4313193261686413,-1.599568345860351,2.039147366867796,-0.2433497079909313,1
14019,1.1462402800686349,-1.2105946301202988,0.6439906617495651,0.3365308117738537,1
14020,0.2311031508261799,-1.5024402058141908,0.3192310702588783,-0.3374215473515564,1
14021,-0.8670751338389956,0.91597529687004,-0.3243608686058889,-0.0605816089495679,2
14022,-0.4312466718402814,0.5176930670900048,2.142114012172986,0.2274897842364827,2
14023,0.0829721331112121,-0.1859213234979545,0.0881218906121221,-0.5928873919144715,1
14024,-1.359155300817764,-0.7656851455704384,-0.4641078341057342,0.3427143626271431,1
14027,-2.664670375493861,-1.4152804824904153,-0.592816710026099,-0.3554272210479495,1
14029,-0.7502065842695548,-0.9356344612197658,-0.2356696222431725,0.1616721181603207,1
14030,2.0397058087941518,1.4875904165400846,-0.6572002058207702,-1.168398137532234,0
14031,3.8589591832526633,1.922394171246797,0.1389446560153348,-1.075094520954096,0
14032,2.0135753689629383,0.8452764399057388,-1.122319865235314,-0.0420122238368268,0
14034,0.4665883843750575,-1.0712027713864358,-0.6976194344039754,-0.0778494284946838,1
14035,0.9730186305684128,0.3062935522658496,-0.5786172342986885,-0.0639744778834596,0
14036,-0.3287505644749561,1.230671770667741,2.1456662502303785,0.6784829441870043,2
14037,-2.3241305314709626,1.4246890413994215,-1.7515951075100256,0.3045933568047552,2
14038,1.266309751724923,-0.2270212432725837,0.8369498695247524,-0.0416595062992363,0
14039,-2.129349494239658,-1.7387922173849126,-0.126153584872011,-0.4923135564081265,1
14040,2.3160911211343,0.7427580718093657,-1.3548961627584013,0.1799235403053552,0
14041,-2.272861219566445,1.094730095618306,0.3856174837791837,0.3779405552041855,2
14044,0.5940829926247058,0.2398640342636075,-1.5758423357117983,-0.1914148838022298,0
14045,-0.0509112131483252,1.5288474928834048,0.4688104415340784,0.1661178946157535,2
14046,-1.740473907465192,1.055454401902969,1.4896022619335936,0.6105593364916001,2
14047,0.4362226311718677,1.1048811652828778,-0.932807714523876,-0.4723438193134681,0
14048,-0.4356911369353172,1.4574434072438895,1.818403217912912,0.5714194379102443,2
14049,3.723814500070346,0.4317171408457489,1.7021072301694256,-0.5697448199757508,0
14050,0.623127493036574,-1.3692496475121747,0.701289667601087,-0.253055574488228,1
14051,3.517933177115116,1.1497024564988496,-0.9178713747980298,0.2123276717455978,0
14052,-0.9896904096559122,-1.732225980363174,-0.0927312164202349,-0.9834679194321791,1
14053,-2.027639008759881,-0.7025375143529827,-0.2803067720823907,0.7767478354878742,2
14054,-2.784478684021904,-1.3782360755516538,-0.6812650529239992,-0.3500678578928263,1
14055,-0.3248198792125234,-1.0347614207240858,1.6958824761332514,0.2520267086994186,1
14056,3.664926397618276,0.3348821998116477,-1.6412284738495089,0.0864690106251219,0
14057,3.252877306538726,1.0867995987509949,-0.9267503788055133,-0.1098178974927387,0
14059,-2.247931470725921,1.020697586244126,0.8698775936040196,0.6361726613648958,2
14060,2.911731847976652,1.4745499582256072,-0.8876859725748971,-0.622700007498027,0
14062,3.4756441856672,1.0194466008251972,0.4140590845040238,-0.0947036403853211,0
14064,1.2155538862915438,0.4801915810890529,0.0947675690222309,-0.804705563228212,0
14066,-2.8640981573610143,1.140470180105868,0.115255427973686,0.6298745092217544,2
14067,-0.3483778442363167,-1.216948243292849,-0.1094904807629461,-0.2477139171112093,1
14068,-1.8670894359924228,1.6956468270497107,0.8269566411201901,0.893762442811124,2
14071,1.843720793614142,-0.3234658498843943,-1.8447170328436973,0.1547193866049173,0
14073,-1.7440778260530938,-1.7523116933966756,-0.0007367167098313,-0.6581279641650676,1
14075,0.7575279152169379,-0.2538077498921662,0.058170506429383,-0.2548558134650843,0
14076,-1.8875623716466183,-0.643942573203556,-0.4113783537384082,-0.2393382787691725,1
14077,-0.5214397139408767,0.3050652916737742,-1.9046065117720563,-0.209256285649556,2
14078,0.0087353320943314,1.8536442896582528,-1.2396891937777343,-0.5034509571271021,0
14079,-0.7651571646329217,-0.8932673470662708,1.4046384556399771,0.2253829450339801,1
14080,-3.591914917526185,-1.7107375186223337,-1.4030434925997617,-0.6483256199103303,1
14081,0.3869838618093681,2.222504252528221,1.642114847914663,0.3898666101020412,2
14082,-2.0373802613702945,2.103466704743208,0.8464772108487796,1.101240338064999,2
14083,0.9539982383507756,1.365275284263226,-2.11931984075562,-1.0503669240678626,0
14085,2.7816066489163527,1.7407929194043843,-1.3770700121894632,-1.2574283674623656,0
14087,-0.6773189463960205,-2.035831849408319,0.358575133287352,-1.164046877820598,1
14088,6.3036823536705855,-0.557625056076559,1.1076508914337095,1.768571616956832,0
14089,-1.729910895865225,-1.499952027802945,0.1019629512265894,-0.4625358023231201,1
14090,-3.91452294417621,1.569140947991248,0.1267674816741273,1.2365254212772614,2
14092,2.5533508564342,0.7797536446081407,-1.4955294454822854,0.1285737414526045,0
14093,0.3891498415551741,-1.952413642807592,1.2334077102646512,-1.0367439231959945,1
14096,7.352680412866135,-3.72285150949475,0.0416529762466033,3.985526243764161,0
14098,-1.6941740272435355,-1.647393142221244,-0.1918616754142501,-0.7265951051814588,1
14099,2.4417038330389933,0.8958204948678554,-1.1074997366369377,-0.2426334981285281,0
14100,-1.7621942194214923,-0.5434688959551257,-0.0966033617011105,0.0491839369395396,1
14101,2.427685315101639,1.050699513946607,2.0615662344171684,-0.1810636452131735,0
14102,0.7029051831267111,-2.095870130059496,-0.908839263847778,0.4152725018417569,1
14104,-1.9613299046119312,-0.2875930306508852,-1.195980072518739,0.4662577268491082,2
14105,1.0559823316199255,0.682545317472644,3.1892900399940687,0.3237751037244181,0
14107,1.8009732916757697,1.2696533272864945,-0.0361068504547255,-0.3860743123216243,0
14108,0.0446216435284968,-1.3502804243179418,0.2152496646765982,-0.2219929971375365,1
14109,-2.1275329978883306,-1.3076244906999692,-0.1516382280114357,-0.2853240669622428,1
14110,3.1932861227384355,-1.075933028942001,-1.330336106884281,1.8062337221415743,0
14111,-0.2402719630309276,-0.4199291404309868,-0.9439272405970656,0.2117562840047766,1
14112,2.1792487203116138,0.2786354317716921,-0.2868731170502581,-0.2713389387110648,0
14113,1.3523107900433344,0.2100109187546615,-0.1664900314388265,0.3986370656990478,0
14114,-1.8262174300816671,1.9578836741746184,0.0858512446927057,0.4605177466371789,2
14116,1.1339646715857494,-1.5354187432180515,-0.8924609924037339,0.5864818448322014,1
14117,-3.083978191242775,-0.6285976975612773,-0.3933619831392077,0.3575636767416071,2
14121,2.502319545829576,-1.922775866416847,0.7571132193330545,0.0278856679943953,0
14124,-0.2923139552759322,-1.577370308156007,2.5268138709824965,0.1515379018795524,1
14125,2.4714793317302064,-1.669608215288299,1.224088591258696,-0.1817786310146595,0
14126,-0.1697177080236857,-2.1000516043837227,-0.1967048193555616,-0.0749706577492193,1
14127,-0.1897377605382357,1.0657979113572218,-0.1609394430466473,-0.2085724291855463,2
14128,0.3073408753700901,0.0406827228097125,0.5920355245461211,-0.3451918155885726,1
14129,0.7343713226784155,-0.4258340783239165,-1.1169677904129147,0.3190032418654665,0
14130,-0.4406197454635182,1.6054152321634525,1.9260189691616567,0.758030023099201,2
14132,3.050430796997836,-2.263567300910613,-1.542708355985098,2.400982358135618,0
14133,-0.3390472145049333,0.6798190298218453,-0.3792906176046485,0.4956494903958371,2
14135,2.657480104891935,1.3928977695476337,-0.8540106588676601,-0.6905724356318352,0
14138,0.7624557420629623,-1.7299377444232542,0.7934558076226647,-0.4072837710267513,1
14139,-0.0687561098174108,-1.7168335123177183,1.5650757108081967,-0.5080061214326426,1
14140,0.9487519180168276,-1.9226075257891184,0.9547384036040364,-0.5645878479519642,1
14141,0.2445242700562476,-1.5715079292299787,-1.0509208548137103,0.2863520545478409,1
14142,-1.2396504687730026,2.0533561666424918,1.932332763977892,1.3144181888689606,2
14143,-2.91976079618354,-0.5726357246053868,-0.8119051282615596,0.1792774055719006,2
14145,1.1947066984939965,-0.4623687463971833,0.8528362287518574,0.7587487040515465,0
14146,3.1051689827873927,0.5264306904897406,0.6777314265968069,-0.1619647486387234,0
14147,-1.3746683061046412,0.3667217613285794,-0.3710772793740777,0.234183951547651,2
14148,-3.4308706856184665,0.8929682593792624,-0.4567170421251643,0.5493154833956803,2
14149,-0.7255193480257841,0.5800600223221697,1.6606998747867252,0.2033086109324267,2
14150,0.3020274020749335,0.5198404365774514,0.3834523477118574,-0.1173382782350762,0
14152,0.3620221112345464,-0.0467043832033753,0.7687855386427884,-0.3622833235545179,1
14154,0.325249749972994,1.1851599793464052,1.840736495393113,0.0437567214898025,0
14155,-3.362686906390513,1.1883559593589956,-0.4110363031419041,0.6054980272029009,2
14157,-0.1460686823027994,0.1181962998725845,-0.3469954061588098,-0.5974656402624381,1
14158,0.4528807495229283,-1.8005456655289032,1.918045553899989,-0.6142141331184714,1
14159,3.753387815922764,0.136635968360657,-0.9083782408356772,0.8083098210080515,0
14161,0.2983016081234736,2.2286925900808843,0.7345244677957403,-0.2785777833368597,0
14162,-1.3989256361496625,0.8735414633008883,-0.4742041615525455,0.2788041916462498,2
14163,1.262487643583984,0.3091820039356381,0.7557195677084074,-0.0329263151490705,0
14164,1.1453312539702305,-1.405121952076952,1.7705123144766453,0.1692522407871414,1
14165,-2.623675378088576,1.2690979330271073,-0.0691241800076156,0.4033512467788573,2
14167,-0.6135463863295677,0.8018745642829165,-1.7048333853810351,-0.2981072176831079,2
14171,-0.4271249091759236,-1.0054090271362044,0.8117508066118154,-0.3155486808432023,1
14173,-0.7254088042528175,-0.3811579135024296,-2.024669017495305,-0.1531101262804415,1
14174,-1.734346619884536,-1.6657835931892515,-0.3530290049599491,-0.8198866734300844,1
14175,2.606098342206367,0.4151747918096333,1.3756121289527323,0.1061481189992862,0
14176,-1.4247598231216356,2.9109723075719405,-0.2665053768086923,-0.0564787507622044,2
14177,-0.4639170030468889,-0.7020938799361859,-1.6301400806216635,0.7193850364101472,1
14178,2.0987405385095736,-1.5189036674049456,-1.4112012754834249,0.9934768768118424,0
14179,0.5369654130356261,-1.4876330220837064,0.1803163362683978,-0.5605496029093768,1
14180,1.6159145486805646,2.695378954051969,-2.4227605692373486,-1.9031867278572276,0
14184,-0.5958677168151973,-1.3284979066824674,0.8441813155848445,-0.3132104607562679,1
14185,-3.725724101370981,1.9979631598988803,-0.6206099767075675,1.3184540443717916,2
14188,1.4218975729320278,0.2031902272353341,-0.4642947990883707,0.3618377475132967,0
14189,2.879942936429972,1.4025833330999131,-0.9068000508239732,-0.8385278925817616,0
14191,3.3191696367772794,-1.5489633080487577,-1.4909985771603371,1.845977929656708,0
14193,0.4307063012533323,0.1832674334582482,0.6944546443556114,-0.1904219487031566,0
14194,4.349650457768318,-0.4028260697575147,-1.4259826026948748,1.4537974705222103,0
14195,-0.315394774313043,0.917167600997248,1.9798201191348084,0.2470469962078162,2
14196,-1.3600477241989413,-1.0198909871222503,0.8954660658167146,0.2112273863494447,1
14198,0.0161310157137341,-0.2920303718318516,-1.3176147974864572,-0.0365707422341857,1
14199,-3.1524192954829657,0.6499760487773718,-0.0076446691659626,0.5254012859077957,2
14201,0.0713243555322203,0.9371817563920556,-1.8048236324719684,0.1295265897338783,0
14204,-1.5688636663957551,-1.92508655442662,-0.5212200656832857,-1.09827705605633,1
14205,-0.4310016180302318,-0.0159696505077879,-0.3586638511966473,-0.4942988475980415,1
14206,-1.0621340377876394,0.7049635202141152,1.6348180199039155,0.3485760925173253,2
14208,-1.98064430227592,-1.1100008772781516,0.0771270703782489,-0.1340064792936242,1
14209,1.3531541404534313,0.7426606954197159,-0.7064859912209623,-0.3867802155690208,0
14210,0.8807201038349824,2.1954107980267112,-0.0586748057073503,-1.0416870917386063,0
14211,1.4302552075617827,1.0484449520483698,-0.8346752199262604,-0.6720585407674875,0
14212,0.675223263098103,-1.4054275746851363,2.986360340946981,0.2251918236450774,1
14214,0.9242390691330756,-0.1927468530921161,-1.062863770928636,0.3260326093111498,0
14215,1.7384170497510154,0.8987946406828433,-0.5172046428096168,-0.4606397246694176,0
14216,1.19009427215055,-1.9730562360781367,-0.1741098047785193,0.1514202556636421,1
14217,1.3678485153629716,0.7809692066112192,-3.169943252746074,0.3478263326894967,0
14218,-1.6036074347240863,-1.668078528962702,0.2431836268874246,-0.5378556426721448,1
14219,-2.573987281967443,-2.0195069807707497,-0.7031423449156079,-0.8399111941025926,1
14220,-0.7609793725910499,1.9041434982647103,0.9022317769612386,0.4012448507575978,2
14221,2.3952514730493872,0.8101606044598983,-0.4978166235450847,-0.035955796212242,0
14222,0.4062862131140584,-0.3687919363852937,2.273135296343716,0.4638499452536856,1
14223,0.6027860575632812,0.200649172425708,0.1832366636356322,0.1252246624846111,0
14224,0.6466826745324756,0.993086741399526,-0.4389145705984181,-0.1408440525927557,0
14226,1.714759088591025,0.1051213398470162,0.0897638558884353,-0.1423953617608954,0
14227,1.878199355046828,1.5085597275915998,-0.2950569004717322,-1.7199432098758185,0
14229,0.9037671217538772,0.8132834564731398,0.5972700590351069,-0.3125644437665527,0
14231,0.0051223790173028,1.192074265186865,0.398993898391315,0.0709725785194266,2
14232,1.9774485693164057,-0.3024774439806077,0.0922374570232532,0.4439532499923453,0
14233,0.7029317971679895,1.015808197680333,0.1938859138352787,-0.7068149099172119,0
14234,0.8789341212229443,-1.8105497842326344,-0.6433928855699773,-0.0948556715001284,1
14235,2.0544698962847163,0.2119300298222897,0.7718870746164006,0.1415012505208345,0
14236,-0.4151497209164011,0.8131941436418271,0.0487217182350192,0.1791299953192183,2
14237,-2.9665536732578444,2.252506996658328,0.2474983164293841,1.3792360052785178,2
14238,-2.600217389140817,1.6314583635957507,0.7311143728640621,1.031888662134124,2
14239,1.369414605015341,1.244502097749023,-1.3660963155387196,-0.6731738257550544,0
14240,0.5174668841811271,-0.2249442047894947,0.6145924940087266,-0.490037753189923,1
14241,-1.7154004645932797,-0.2279808638975158,0.6703093806119853,0.5940448066229629,2
14242,-1.983033957963064,1.7169529460437154,-0.1521254895665214,0.2127473991002588,2
14243,1.8585514576907365,1.1263970126304998,-1.2889985798041188,-0.4584866859921483,0
14245,1.1774744683231992,1.2008787907648983,2.296534951768592,-0.1170830886451397,0
14246,1.0563483623802783,0.1577449608478719,0.7540230444987784,0.232176218785839,0
14247,-2.6252483344726576,1.2973997187117885,-0.0188401580223004,0.4843623129775859,2
14248,-1.9633021727099784,1.5816278060165296,1.2234154893459095,1.113953625602334,2
14250,1.8603070608358636,-1.625272634943388,0.7914750116887201,-0.1300684007369208,0
14251,1.925248889341521,-2.1019754645795423,0.2694502595464371,0.6013353507978665,0
14256,0.0809809688438873,2.0107408289756346,1.4278538422781122,0.3735726575634491,2
14257,2.3404915992235806,0.1369054672220161,0.3192724683688072,0.7368091878825167,0
14258,3.594311108060145,1.3150182268356356,1.6111588611533436,-0.973284748743866,0
14259,-2.6927940292066976,-0.6096944617486058,-0.2533362635699155,0.3077220303975506,2
14261,0.7506545478308783,-1.35911713893554,0.8170551673970573,-0.1382834594599346,1
14262,2.2617709481175425,-0.9633420084679154,-1.1205501752372118,1.0826298700731078,0
14264,-1.7272795106129082,0.5828047993213538,-0.7341719390297681,0.2146457963181889,2
14267,0.3533640842359656,0.8835723643827951,0.96919256412786,0.1328365114387164,0
14270,-0.8402357785662097,1.7247983976329169,1.8965930621817744,1.040874211498778,2
14271,-2.6995385637029568,0.6496740106317348,0.161653638123728,0.1915108590274485,2
14272,-0.1210554146678765,0.0563168040749876,0.4028838491695672,-0.3134488589049323,1
14273,-0.6202848318247348,0.2536465016681704,-1.188338664991479,-0.3918937000370665,1
14276,0.8364233035753305,0.3569070171597603,0.4086785780974323,0.2339840741985834,0
14280,-2.7706208168776083,0.4148236217823715,-0.052970441787792,0.0570471920637832,2
14282,2.5858492687282464,0.1749827508817007,-1.839517511414288,1.0994350618258304,0
14284,-0.4296648889357203,-1.3517890049886698,-0.2521690657509292,-0.1865079157113674,1
14285,0.9792765768682712,-1.1309631609087805,-0.2185974794077871,0.7701379762548765,1
14286,3.506491255145088,-0.3429790224786187,2.23570479100403,-0.3099183550185581,0
14287,-1.8570304552042016,-0.1800471776143441,-1.4444191917743854,-1.0162106831108035,2
14288,-1.0097650825467814,0.4850121697767085,1.5768125814826772,0.2553143572086561,2
14289,0.036217325519546,0.5463380884807506,-1.7570890883139174,-0.5365135740597499,0
14290,2.053914602945295,0.2246120629417891,-0.5039177109510091,0.4981376468129264,0
14291,2.891848607317916,-0.4706470083265113,-1.1374738839151703,0.7633987807905623,0
14292,2.666336703906831,-0.4658679136420629,-0.7779267679839706,1.0591278856153816,0
14293,0.9457796971672376,0.720581941565716,-0.5179305646307826,-0.4242714429803738,0
14295,-2.1529268440665548,-1.6627442951718414,-0.082014697683996,-0.3881380973549693,1
14297,1.16915468553,-0.1861848052020812,-0.2594015413067708,0.0921470259782837,0
14298,5.325988287525979,4.739670995494102,1.8656022437725084,-5.256851821577251,0
14299,2.5569483433743936,0.8092208492032555,-0.5150049164628948,-0.065088281544152,0
14300,-3.855405480041287,-1.816911679553681,-1.687868349032522,-0.7113970204566069,1
14301,0.0359109247186379,-1.0441660800671575,2.217605226356055,0.251675134028588,1
14304,-1.2194379261445905,0.6252569786021369,1.3266328620882328,0.2969511648473411,2
14305,1.6818920556522134,-1.0667771517521052,0.8642203541560135,0.2969074141303346,0
14306,1.512498851973868,-1.4519884973973378,1.898961456300235,0.0890436333130411,1
14307,2.308386768711321,1.2560460715860025,0.3331612281480196,-0.0409485539498471,0
14309,1.8756367229394737,0.7688940054628159,-1.049688051898612,-0.1311644155636405,0
14311,-1.3680812445860369,0.8250640599141561,1.2160061837567364,0.3694386614878756,2
14312,1.281015672405137,0.8900332951991862,-0.591661304518062,-0.3041525963031158,0
14314,-1.914568788431128,-1.1280759073386564,0.515966172341118,-0.0485387840802159,1
14315,1.6721347073901731,0.067689851140598,-0.36031815173314,0.2354017106102941,0
14317,-0.2151249464903543,-1.434196044832284,1.3495748918555568,-0.3076460205942343,1
14320,-0.7482951144648493,1.5723849500672578,0.659199365217235,0.0118921911019107,2
14321,2.09805959148314,-0.0599547227435403,-0.2293540472362237,0.3025581150340182,0
14323,-0.1882797834885378,0.2243054650085995,0.4862095360049194,-0.0611948857929239,1
14326,-2.291300342919965,0.7944724791683746,0.6900080617742023,0.4511974496370176,2
14327,-1.2960506962362257,-0.4143481687315677,0.8726027620125765,0.4742806475239666,1
14329,3.365702668247856,0.1259477234449189,0.1459075501813118,0.3700500861706424,0
14331,-0.6507009437675436,-0.7197281896518019,0.0527249285716472,0.3312031927757515,1
14332,0.2503944911678158,-1.1992558702829603,-0.2873607815762573,0.2459962978258958,1
14333,-1.1453823236578284,-1.247913307205939,0.3577488047131363,-0.2199583332344241,1
14334,1.8856214291007136,1.374613904563761,-0.4134074892320925,-1.00643342858517,0
14336,1.5432626726103285,0.5688351313201235,0.6930584078164705,-1.158120942355251,0
14338,-0.4471057901481956,0.1769999635284262,0.6501423181407613,0.0918483962739002,1
14339,-1.4399419199846035,0.7873872650410586,1.3344774288450807,0.4441173376773292,2
14340,-2.852112213077978,0.6098556649071163,0.0870341388057929,0.277759811098717,2
14341,1.692554916020388,0.8884849568645439,-0.7446967647796154,-0.4132061536718688,0
14342,-0.2420075046884277,-0.5084992424564434,-1.1327015938265452,0.0482787849056195,1
14344,-0.2234075743863702,2.42390771007269,-1.3873297027961726,-1.077102444796027,2
14345,-2.677236136889195,-1.6105024040679214,-0.7352142082005592,-0.5107948911273433,1
14346,0.7585747429163808,0.5627774742412552,1.111999293223493,0.0809918077901235,0
14348,-1.0912651025871098,0.9710190873004464,1.612159578263706,0.5720183749163268,2
14349,-1.6758394703857684,-1.8782813925755717,-0.4764369787443154,-1.0302459389283518,1
14350,-1.4504114444703378,1.1025683840904403,1.3538114573997997,0.6037187822817313,2
14351,-4.56154969737832,-0.2513083921613331,-1.7561232904084545,0.565308543856826,2
14352,0.2310869851958436,0.8637969730919641,-0.0175338723129206,0.2050131031265801,0
14353,-3.166650263718726,0.545551592506046,-0.1679033903620497,0.170502978129283,2
14354,-1.8401701538811432,-1.909876611345329,-1.003594137465869,-0.4884528375057277,1
14355,-2.474557417724369,2.0831931200998284,0.8015856691364245,1.2989400767882868,2
14356,-0.1066199926778076,-1.2130346783073471,0.3345523236392637,0.0191872798388633,1
14357,-0.963196854240542,-1.5831878196057836,0.2917813152208128,-0.7346585816268532,1
14359,0.4182979379029927,-1.494268445658365,-0.3657680899775845,-0.0421904414764532,1
14360,1.8535711292104624,-1.549326065799204,0.2670912529965514,0.2789845651020028,0
14362,-1.4740811903454956,-1.7566652795910611,-0.3070507427927739,-0.9552966368376102,1
14364,1.7743749712928265,0.4862759180317501,0.2863558872275024,-0.0836942215145084,0
14367,3.885398954896409,-0.0636113862770341,-0.8575009106781357,0.4960033341777455,0
14368,-2.9760555028017937,1.713840872467083,0.0903869825258193,1.001454295846879,2
14371,-3.5677541186571298,1.420250613499409,-0.2650991932865386,0.8633549721663135,2
14373,-4.174862733187065,2.137294907087389,-0.7493319241851638,1.281293530379389,2
14375,-0.9236559291699784,-0.1468433378252433,0.7093673655468331,0.2461855305137216,1
14377,-1.056128555801539,1.0950994119678852,0.755117560839127,0.0279232372826648,2
14379,-0.4070711876880401,0.2573577305867633,-0.3751401015648883,-0.4578748542602985,1
14381,-0.944729105947759,-1.4731453701505508,0.1868370154727758,-0.767803097608375,1
14382,1.2232833809910344,-1.9327291571668228,2.200423196717556,-0.9217021884640296,1
14383,1.0968593610511406,-1.0564937690206486,0.3072332629813203,0.2609007230125864,1
14385,-1.766950173256319,-1.9137106771510168,-1.8618942223243584,-0.2655631118367329,1
14386,-2.904329832312088,1.4202371981624855,0.2309049778484327,0.8389963128413858,2
14387,1.6654682128681697,-1.3297135783627538,0.4976115888291718,-0.0311868657037532,0
14388,2.54061700455665,0.6260087764015112,-0.6463863007480201,0.1649056542798392,0
14389,0.6885320890223378,-0.3478794327298125,1.2441523298717156,-0.3309832706508355,1
14390,2.970682252473628,0.4797044793114609,-0.6446133594336515,0.5022985908992392,0
14393,-4.090003300718343,0.7553067222208402,-1.2953237004097395,0.1767388333772841,2
14395,2.4730618332152647,1.288235963598582,-0.6513165744069519,-0.845049184334476,0
14396,0.05647104058102,0.8664729356364751,-0.3601637724881319,-0.2446160579620548,0
14397,2.0493281332123066,-2.678761322752297,-3.4758119961812097,3.920393293020419,0
14400,0.0023368069866998,-0.6491080655953694,1.9581158743140985,0.330401270410035,1
14401,3.357289493602903,-0.7804201584038016,-1.6209635362607724,2.1917436693008194,0
14403,0.2081983087550512,0.5552488547418617,0.2454904857421357,0.2737745552614815,0
14404,1.1665903257302666,1.0380431571778024,-0.8725044776379799,-0.3086513520991624,0
14406,-2.215914854683408,-0.8274848199601313,-0.0627893162392887,0.0972189609626744,1
14407,1.5214303975952366,0.3588884183436751,-0.087071865975755,0.544648985262616,0
14408,1.839996019829196,0.117941064074965,-0.3448454125488966,-0.2347498370695181,0
14409,1.328447044314022,1.1210453518333592,-0.1801146722918442,0.0730140248165031,0
14410,0.4489672742954915,1.799077311693683,-1.5925127804755093,-1.2975694761655052,0
14411,-0.3636474184615156,1.4935914215280188,2.521940962002698,1.1912652461645006,2
14412,0.5791999804647471,-1.535813406418697,0.8964789690143046,-0.2346036531488197,1
14413,-2.681629887227841,2.110434093641238,0.2527161378480896,1.0528128977715392,2
14414,1.7744723378476428,0.1539869391526287,-0.8002306310128783,1.4105862274190106,0
14415,3.4695187227675417,0.5388590019854829,-1.0686946777087858,0.2712503193438832,0
14416,-0.5791683063433513,-1.775015108898074,0.108619084775179,-0.2412508222831492,1
14418,2.119888174073365,-1.5619114037394646,0.9648730041503656,-0.1442037246924033,0
14419,1.0365408774783722,0.5953831333677703,-1.7697443307110576,-0.0118045264393126,0
14420,-0.3441839719583627,-1.120491421562055,1.350811975059577,-0.1498768895161535,1
14421,0.143414970786041,-0.1958873995499573,0.6095120903776061,-0.3123844066499239,1
14422,3.238667488873737,-0.5785866980252108,0.2233242363680463,0.4609233403359875,0
14423,-2.160362805654465,0.4942741623495312,1.1031278282676278,0.5260271171633998,2
14424,-2.1384683018224684,-1.8611998802560688,0.1693831660553397,-0.1737306996992466,1
14426,3.051866169399612,0.0248842651648405,-0.7487301714906123,0.652078399147539,0
14427,-0.9718500065933512,-1.4772707041640216,-0.2944054102980969,-0.1473546046455095,1
14428,1.0737792292321764,0.4875346946285624,-1.2337502568356575,-0.361411349507252,0
14431,-1.1870175575543016,1.45189410273222,1.6065860396554696,0.932243505796994,2
14432,2.494320768456667,-1.92942303353654,-0.4791736436026582,0.5112758368733119,0
14434,-0.2136154435633415,-2.018434273296429,-1.3764966664666372,1.380404512649127,1
14436,-2.456588167202196,-1.1058567963667658,-0.2409918967846165,-0.1869881824170647,1
14437,-3.8168969848090297,2.0674956017018435,-0.1632381269511222,1.2580859607012784,2
14438,-2.744238248460489,1.469866584877856,0.4152231251677546,0.8395057074712965,2
14440,1.416030724298205,0.6396222665552702,-0.459646536183656,0.124086473790682,0
14441,1.1433884415073283,-0.2846277143795259,-0.4674025277445705,0.0408634044746368,0
14443,1.3650063863041542,0.9450563155924752,0.0022475440505243,-0.2098013491723751,0
14446,1.5484859633031374,-0.3453883526595672,-0.6106641607990373,-0.4604246469953427,0
14447,0.7920577017817609,0.2068803103919182,-0.932452821155627,-0.2538153517250416,0
14448,-0.7813433218498337,0.5992207697595863,-1.0676734267481185,-0.3242134356566854,2
14449,1.2698008107688454,0.8769915931280677,-0.7165256091343178,-0.6718679643559946,0
14450,-0.8787849990398574,1.390590129371854,-0.4312709346345403,0.0851748141374432,2
14451,0.3593115413659944,-0.2215075581555383,0.3521420303658994,-0.6517412571788047,1
14452,-0.9454001849705208,-1.3279701328268656,-1.2528616759626776,-0.6158531028270008,1
14453,-2.536225697915158,0.4031318171601235,-0.2883199670027092,-0.2273332169000887,2
14456,3.347270462572405,-2.061696879065318,-1.2964656156134509,1.3244128887974624,0
14457,-3.11605795530269,1.4667510384959173,0.4266899720362378,1.003191742855841,2
14459,1.39534144744583,-0.5983599301861297,3.143641696514491,0.5161376645579585,1
14460,-0.4304138735962264,0.4034852198888409,-0.0778645427293101,0.4357896848030465,2
14461,1.6804728351795628,0.4927157710478593,0.9846461819484796,0.2837110520095123,0
14462,1.3685456283315232,1.5177252183904473,-1.5485305487940586,-0.667544738369777,0
14463,-1.25881614979418,-0.0994967526267516,-0.7052691530130586,0.352872888480567,2
14465,0.0959374524803796,2.00769660439925,0.7811732895085808,-0.3200234808340058,2
14466,1.2945970532264548,1.252307433221404,-0.5462217608315431,-0.3982345595481067,0
14467,0.1837938680421824,0.1754320915005768,-1.633994764079143,-0.0466154281212528,0
14470,-0.1923312614449843,0.1434942508080182,-0.5125259540906,-0.6053897649387127,1
14472,1.3328080468819423,1.8071081842157608,-0.6729580544254304,-0.7199453041681918,0
14473,-1.9313699105801987,0.3585070957822347,-1.1101651638602157,-0.0419761493484283,2
14474,-0.2838554880476483,-1.537945495597919,0.9881782054809398,-0.4734573593557984,1
14475,0.4208645628856255,0.3626861582853183,-0.1117742493778702,0.1778177861682173,0
14476,-1.989318980131114,0.9805273820288458,0.7233190275467961,0.4162893591274463,2
14477,0.4541960055515268,-0.1330103550586885,-0.1951135217338133,0.5599571969989902,0
14479,-1.7840682034582624,2.053385022785044,-0.1088712562566317,0.3534446164779218,2
14480,-1.1156505845040878,-1.9600905176871528,0.4888118955654876,-0.6946794697858374,1
14481,-0.1821825427861659,0.665256654595257,0.8559602833097207,0.3686621692749406,2
14482,2.0455069555337952,-0.6456326493142368,-0.5564432450529037,0.4638596145437771,0
14483,-2.6057387475691924,1.206023978006298,0.4970647844472335,0.6679809784799542,2
14484,-0.8724500449676862,-1.6048600821313097,0.9022212080548214,-0.393384985414684,1
14485,-1.495805927046381,-1.5321368000047564,-0.4240066173400246,-0.8517728516304369,1
14487,1.3743699067679354,0.2310126801076303,-1.6159315326605797,0.6882126989877495,0
14488,1.133771980724462,-1.491313879267824,2.5509639849504864,-0.2861220594260347,1
14489,-0.5215247177714672,0.4026039118158567,1.8443031410514,0.0903697915426106,2
14491,-1.2895853739654748,1.3270653571189812,-0.4188357307434974,0.5765253352075367,2
14493,2.1074770303106893,-1.435680663472258,-0.241921701788927,0.5984824463412607,0
14494,-2.1474533265479443,-1.8044998770704952,-0.2214885589300671,-0.5912963570500339,1
14495,-2.7037245861605497,-1.0622862722705038,-1.871250787415016,-0.0215293132868482,1
14496,-1.381574797312742,2.322840938888982,0.6785167876575943,0.801941241954714,2
14497,-0.7672195865819025,1.4677743094737066,1.9286435245750124,0.8622209042031571,2
14498,2.097706825877822,0.3710109974101152,-0.4824094169827866,0.4981165765123647,0
14499,0.9582323068247538,0.0769334326864614,-0.4227254736067451,-0.462926684392398,0
14500,-1.7717696225227264,-0.1881150347946431,-1.2760195526670628,0.1916509241201317,2
14501,-1.8250471300423876,0.9974811448481442,-0.4075424076998912,0.5776705943735411,2
14502,2.153744775075877,1.1636859448841368,-1.3407771702014943,-1.1296830419155126,0
14503,2.748261394361349,-1.4727549092054024,-0.1791173967949096,0.9465989334968358,0
14504,0.0177827715653246,0.9133761798350531,-0.9467063847822852,-1.1847051314678998,0
14505,3.456128618289575,1.4629637134096427,0.3215275585164578,-1.2177134415071436,0
14506,1.9597304856314963,0.7735682859684565,-0.6605202309495706,-0.262756200732927,0
14507,0.933832806045834,0.5031334640706223,-1.043904214399018,-0.6045276258889066,0
14508,-0.9314533682710784,-1.3187804437700423,-1.1161917732215945,-0.5486761434419511,1
14511,1.1198385527077297,-1.5278874493119652,-0.8993117554118578,0.5870441132137445,1
14512,-1.8596840391472529,0.9889599401421266,-0.2453351090139802,-0.3251056008643144,2
14513,-0.9573555108591624,0.7440090922229751,-0.3491544262440401,-0.1887327601957201,2
14514,0.727310879214405,0.8785866860834134,0.1532270692876771,-0.5366727376161914,0
14515,1.5808871100588069,-0.3345494849448839,-0.4835777860558546,-0.058418815619246,0
14517,-1.237414155439782,-0.9831616825205144,-1.0762444373502151,-0.0910918809008462,1
14518,-1.2964707074679578,-1.508661599202537,0.6117285483605597,-0.4381967567637925,1
14520,-1.6382862718047624,-0.0036315622425979,-0.8721514300082681,-0.2153497576284524,2
14522,0.1734174927347364,-0.6166015117767093,-0.5496396537246286,0.1482368440634635,1
14523,-1.211335604528654,-1.0553699177846765,0.9183217937305008,0.0130136872956569,1
14524,1.524989759027717,1.0423277026984412,-1.7806932831995577,-0.2171354088490761,0
14525,2.9578114798128974,0.8570518531911726,-0.3870822841328144,-0.1889248636981982,0
14527,3.281246456487653,1.3380202756756805,-3.862530889314624,0.2113449959397981,0
14528,-0.5423406166874818,-1.7551914715101529,1.1154372574213411,-0.519944833192746,1
14529,0.3697573714051471,-1.103615496792023,-0.8374132767613119,-0.1771065880082356,1
14530,2.3079375202949275,0.1742002951363074,-0.2458680387981167,0.0581619682872822,0
14532,-0.5408583933503001,2.554631543110645,0.0580897987613195,-0.4208973074456738,2
14533,2.2426034446369965,-0.2484537830128465,-0.482515076691507,1.186287741046134,0
14534,2.877386949072679,0.7133174922471731,-2.0192735570862426,-0.2246980728190275,0
14535,2.7157074833406343,-0.0460242795907388,1.4229792660894336,-0.2569952613594868,0
14536,-2.484617174299041,1.1413301181021545,0.0121473709914119,0.4061282981853846,2
14537,-1.127474558831112,-1.4678251362928705,0.691998978813919,-0.2428897713225534,1
14538,-0.9241877703452608,0.1658218972110736,-0.4781395478534853,-0.2558443722209143,2
14539,-0.0619020895791634,-1.7672734742442986,0.2319946329256991,-0.4345166763153666,1
14540,0.820165632019677,0.1616107903523025,-0.4119600237765496,-0.2635834798324977,0
14541,0.5558608323299107,1.8284342724519524,-1.0176817566589371,-1.500541106412102,0
14542,-3.384774022672345,-0.0087230146918795,-1.0296291011286585,0.6098237166582104,2
14543,1.2728807305011174,1.863683595049212,-1.942255047007133,-0.7398031686788691,0
14544,2.315868554800589,0.4435935264815273,1.7383947064492582,-0.2793551670233131,0
14546,2.400030016980263,-0.0333882268295739,0.0163717447224149,-0.5861883510424984,0
14547,3.026097862163298,-2.4694675357311184,-0.5826526473964859,1.134235395101692,0
14548,-1.1270962783985454,0.7400129906210723,0.63145362122573,0.8568446094928285,2
14549,-1.198919985868259,1.5811406273753337,1.1499311424229846,0.6373562103972039,2
14550,0.3010636655563601,-1.755422365933982,0.4026328331197252,-0.437563091473494,1
14551,-1.925864534418404,-0.3543753940859858,-1.2859845118932909,-0.6028973971411685,2
14552,-1.4770548116020117,-0.4014120314108572,-0.0657059913733708,-0.0674187043000691,1
14553,0.7726937620903336,0.5900540455596638,-1.3960421774025529,-0.3268466567870793,0
14554,2.1468694702569318,-1.9022382634093649,0.4122257715070512,0.0051796029283736,0
14555,-1.1476217426005306,0.4182758270885215,-0.8675156208150075,-0.2254366683394982,2
14557,0.2811668746296742,-1.3296630320305511,2.189649626796607,0.011446552015898,1
14560,1.4100926200378487,0.5604809900466503,-3.2363906729173824,0.8008386125139756,0
14561,1.079248897309106,-0.7885535590367351,0.3929490208691055,0.4055972522606182,0
14562,3.4031579995297183,-1.411563864681823,-2.9359216885619044,2.8562071390969304,0
14565,2.2382979715222984,1.0573605268099235,1.0252605527196883,0.0808840390489196,0
14567,0.8931621768161612,-1.0576256731469873,1.04127461275396,0.1598112348023215,1
14569,-1.6056051357665475,-2.0064143395954908,-0.0198760098253028,-0.7529768242627423,1
14570,-2.22503443890563,1.7269104104468358,-0.3732309880391883,0.1331204368118776,2
14572,2.386401539851255,0.5157627988220029,-0.5854447312824547,-0.3842947492767075,0
14573,0.4136940220944675,2.9788160702108137,-0.8878960330710456,-1.163282066926086,0
14576,-5.354283870321849,2.245553523323955,-1.408015184166866,1.4438534525743625,2
14577,0.6481865585268176,0.8425243639496621,-1.1032867120473269,-0.537303263069297,0
14578,-1.144389905879222,-2.087591937856965,0.332744347841389,-0.9846319676569087,1
14581,-1.5265682355735115,-1.9608514254240168,0.1900848853175384,-0.8317724813633498,1
14582,-2.4927955097772214,-1.6365289437747237,-0.470460137657022,-0.4881941051243826,1
14583,1.3740861034552276,-0.6416211126510284,-1.2087545364897871,-0.2650180140985517,0
14584,0.0793684015326195,0.549387673791246,-0.1696086383941981,-0.0024900864017771,0
14585,-1.594256279554732,-1.478448775165787,-0.2294458507121443,-0.6867177700293651,1
14586,-1.2496161916698107,1.017978767370065,1.7528983229711013,0.5772341352594855,2
14587,1.0359823881113122,2.012344150043408,-1.2227017695021187,-2.167567150354707,0
14589,-5.298207695377815,2.388461611052501,-1.8621963421796868,1.3128231792475724,2
14591,1.6273867100061985,-0.541473650268723,-0.0821842354307751,-0.2944951173192936,0
14592,0.3281255376659958,-1.5258010272467128,-0.7233969377897812,-0.3520880137967213,1
14593,0.270164652053849,0.0373495404610393,-0.5669667506907723,-1.2730604877586476,1
14594,-0.2613136891174678,0.6201564497244181,-0.8641835174153214,-0.5132372520910359,2
14595,1.7458534641059549,-0.1569767124717146,-1.0497419809594926,0.6459440109412206,0
14597,0.6916469606129934,-0.5329411663327295,0.7361427406336954,-0.7139999352521114,1
14598,-0.7971307158816318,-1.5923082200791931,0.4102642270758981,-0.7809414069760033,1
14600,-1.2340738299953833,1.5038005848914635,1.4111633646110715,0.8370142484010774,2
14601,-1.501301908895043,-2.0210427066736227,0.4398424020527817,-0.6214089103623278,1
14603,-1.0571424239098508,0.928908783959533,2.681107992823826,1.1893049443355868,2
14606,3.66302123677574,3.149235450972672,-3.2700846007046445,-2.340018672591386,0
14607,4.605169512259816,-2.0183872265381297,-0.1545845407423278,3.4240159099944587,0
14608,0.7200148851106475,0.2529584452569233,-0.4022759740231774,0.6568252931062756,0
14609,0.1221042396095514,-0.2772361648017528,0.8542572242654297,0.8918543061313311,1
14616,-2.5696640052005866,2.008661437257755,-0.3942300952097031,0.3183607497391245,2
14618,-0.4612378650940552,0.2613465329951157,-0.9480714075904534,0.0899790803883359,1
14619,-1.1385810235956977,0.8572829776699274,1.4323284550599276,0.4386311363600952,2
14620,-1.1458582355038,1.3269084360414851,0.3649523435478459,-0.1057784492151457,2
14621,1.6989479425371694,0.5391311191808509,-0.4644532908368824,-0.1811581081355193,0
14622,-1.0918097156905835,-0.1655152201124128,0.912343561988041,0.5250732047446107,1
14623,0.7134951240356017,-0.3363583312508649,-1.508189861866606,0.097076077070278,0
14624,-1.6354051660875282,-1.457530052793301,-0.8160155910671357,-0.1700223381540009,1
14625,0.113294648559088,1.7332333333210486,1.037511945313868,0.016987578302427,2
14626,2.2727754523358747,-0.3960806494271557,0.6091315276341621,-0.0021258313408589,0
14628,-0.2499010438196638,0.1508792100890044,0.3717514344285218,-0.077222237995458,1
14629,0.9810164825900796,-1.6915614368768044,0.4080767366219381,-0.7013867806062305,1
14631,0.5727436773073219,0.6067632681777485,0.2889297081312317,-0.5387558295927592,0
14632,-2.781120750336917,1.0031136969265069,0.32519383047925,0.5153715009263812,2
14633,-1.471467330526928,1.1148346827585498,1.0929344491159816,0.5626103868304198,2
14636,-0.1147459106065761,0.091478237669494,-0.0118878782058868,-0.3668996135850331,1
14638,-0.627482384177499,-1.5482348442022953,0.9978838490211512,-0.3504993839030428,1
14639,2.360347000852569,0.6553924969215361,-0.191960409723783,0.3473309532172365,0
14640,1.7247758198289398,-0.6173597770328297,-0.8363501798372015,0.5329300301289893,0
14641,-2.361434644993121,-1.848997344206828,-0.4230258676321008,-0.6665335573290708,1
14642,-2.9743507561223845,-1.51349093949886,-0.4516498849252512,-0.1974237695880966,1
14643,0.2417527945364517,1.0459078598966092,1.1388476217901409,0.528196504202234,0
14644,0.1249290466083331,0.3971221008203196,0.3410016818388238,-0.0670364151354729,1
14645,-0.2887459479369911,0.6030199367258846,0.6320535249961846,0.2662529038803658,2
14647,-1.6691840032892054,0.4610118933436905,0.6171342314947614,-0.0340886360072336,2
14649,1.520825212325174,-0.1540248271467637,0.0110428488268461,-0.9430557939083206,0
14651,0.3725543163965464,-0.0797238868839283,0.2977002729689816,-0.5985023574815244,1
14652,-2.1352634805595336,-1.145204153847142,-0.7432279614622622,-0.5462718496836554,1
14653,2.10638281615142,-0.1938792817885803,-1.5368583543823031,0.7932654107637563,0
14655,1.4609122310538702,-0.5729041419839356,0.2504975147450958,0.0676050873166917,0
14656,-1.0707236835838092,0.876624226230027,-0.6854906570918704,-0.002845823831212,2
14657,0.7453925924042843,0.6249378192354936,-0.9031377279862522,-0.637090306617594,0
14658,-1.5405115574955115,-1.1505064724113852,-1.7957951192401107,-0.4465574044051279,1
14659,1.875376214838797,1.017085208824314,-0.990586142360982,-0.9478451257141164,0
14660,-1.106661187065843,-1.085877026640043,-0.4463433880518552,-0.0057370542060472,1
14661,-2.9276828483689883,-1.7077916785387717,-0.9416666770190928,-0.5251435274195342,1
14662,0.6444799531097597,1.008205905269408,-0.6570947352381458,-1.293193257042383,0
14664,0.4303252410849727,-1.771966286771805,0.3444482986027666,-0.6106286390269797,1
14665,1.1448250722535365,0.9583257235506552,-0.1326899136384726,-0.5047187870088741,0
14666,-1.3894086410557378,-1.8493381294029116,0.3026488293027031,-0.6837087057030311,1
14667,3.95422510442761,0.8847584464972164,-1.6637697255063386,0.317540060682435,0
14669,0.7270563873179263,2.103901183094393,1.2321960592144372,-0.3307329995720543,0
14670,-0.7373449313573567,1.6530293068937756,0.679721216038181,-0.0512463428165988,2
14672,-0.0166919103204672,1.7226197132572334,1.2416449312142703,0.1038473994592029,2
14673,1.5598354228005904,0.1567368754387841,-0.6181917791067928,0.5953164344522304,0
14675,0.6056307550230099,-1.8845624156168936,1.399017242663611,-0.9394083377371604,1
14676,1.6877337250890336,0.3516234067631346,0.4220615523362344,-0.2149093033766685,0
14680,4.5473055781312,1.5968898256646649,1.3907428904873442,-0.4642225459228231,0
14681,-1.5516572057735605,-0.0716339218389631,-1.3539938164687595,0.2186937379747057,2
14682,-4.41496126331772,0.678731846596721,-1.482312525015476,-0.1973330248034901,2
14684,1.5846176382418946,0.7516457196566952,-0.9235027947953368,-0.3533771724877683,0
14687,-0.0151698421565724,-1.1059237509928597,2.0152230485633504,0.1444909661262328,1
14688,2.961330611532518,1.2153258292214704,-1.6603488274422873,-0.1611671451987365,0
14689,-2.636206989483099,0.5098852498799966,0.017170986630142,0.0121816416360506,2
14690,-0.6524381186688994,-0.903305148024195,-0.7236473441856348,-0.1844122681475526,1
14691,1.401989044559959,-0.5542613560602796,-0.4145906453761995,0.3820800330814409,0
14692,-0.5354510274197282,1.5486744396774612,-0.8465977306063742,-0.5377215494992112,2
14693,-2.8093066052770626,1.1554819377522398,0.0279505923735851,0.6064378623362776,2
14696,1.9154312487042595,1.154763633502015,-0.5348241417485735,-0.8121854470754347,0
14697,-2.1052650158425847,0.9862009896068348,-0.1997613450993371,-0.3061230184158023,2
14698,1.2369592809651972,-1.9569133963971808,-1.1507210074241847,0.1133690322304858,1
14699,-2.832397426812729,0.5321141830251466,0.0567760025600493,0.1421729809804069,2
14700,1.8197978278756752,0.1405655408243479,1.281079498908614,-0.787321281528605,0
14701,1.9890648311813048,1.099692133761235,-1.206508960980328,-1.0688964446393212,0
14702,2.5677867508771146,0.3405640488943657,-2.664867835994553,0.8182616142863746,0
14703,-0.7229596139699307,-1.9179416568404395,0.6938799707860601,-0.7516081827238494,1
14704,2.0853610447010955,-1.747292047879844,-2.4066443329702296,1.462810986815059,0
14705,-2.8144864308933446,0.2725361028224798,0.7252389051695715,0.4642064338867978,2
14708,0.8961513360734523,0.3770860934318704,-0.0348593979274539,0.0705920661411971,0
14709,2.6866616392405995,0.5266107237145947,-1.1213717214266572,0.6147218203628739,0
14710,0.3398683716880657,-1.7212774161013302,-1.410544848989585,-0.1775686765931424,1
14711,2.0397149509888286,0.448128533152096,-1.5969150658735702,-0.5579995655738763,0
14712,0.0978452494872719,-1.3327580151963754,-0.3808723699286896,0.2256858975335633,1
14713,2.0323688137938785,1.3545355665459164,-1.2219925747811564,-0.8470995134225789,0
14714,-1.546327340233215,-1.9180652763686408,0.39490388896791,-0.6538236461831121,1
14715,0.5980465612751591,0.6395820722394444,-0.7452502054160661,-0.4655795915218496,0
14716,-0.3106189940988145,-1.0592316821707932,-0.195961954529491,-0.2586289150852307,1
14719,1.8779623774787495,-0.4544911630061411,-0.6902365256106203,-0.0281326023141604,0
14720,-0.0780713379698042,-1.2822731401598764,-0.9926805923543688,-0.0273632784845575,1
14722,-1.5346852729351106,-0.5245288922272547,0.2332261827813692,0.0686278136844224,1
14723,1.2984396054273712,1.022725262447775,-1.382675995362162,-0.7046081213818797,0
14725,0.6323889957257952,-1.9038932410557392,1.904874587616625,-0.6951597030720753,1
14727,-2.1201990889447777,1.206166217377582,0.723198396946923,0.7198818956265232,2
14729,-1.0057586934783136,2.188040033961105,1.5406383508791948,1.074335063580041,2
14730,2.074020632069117,0.1452159491388772,-1.4161881857651697,-0.4064078917496263,0
14731,-0.764636800526182,0.1700313635099046,-0.9010176875719448,-0.9406338663253844,1
14732,2.156033777732651,0.4468553733466652,-0.921107269981426,0.0831277154634559,0
14733,3.148567292208828,1.9582709733532064,0.479192605051279,-1.3703228440270523,0
14735,2.364920840820377,1.947290381126887,-2.3432672120841977,-1.0347125572943665,0
14737,0.4935918858204388,0.3359740343220107,-0.2870879696007588,0.1578088314274473,0
14738,0.5183229329690207,1.0447243307229634,-1.1733932460105312,-0.5788139403650945,0
14739,2.618838541024652,0.5713299313887783,0.3641482449496632,0.0883165771696936,0
14740,0.6756029373306679,1.597701227085564,1.2922532594402258,-0.5086799432013818,0
14741,1.0975088556867982,0.5168919405404622,-1.100640530534529,0.3224031883802136,0
14744,0.1627379471464095,1.5820397311074186,-1.1682699179904956,-1.0980321975241525,0
14745,0.8763184785004179,0.1508700058920219,-0.422268713266489,0.8791890959915665,0
14747,-1.5783288164795324,0.9518296118137816,0.9508620327139056,0.44936972215544,2
14748,1.3937454615730969,1.101894316490875,-0.2439444958885609,-0.6668411240619945,0
14752,-0.9443453309300248,-1.7413338845628428,1.2645721046720824,-0.1954323391889433,1
14753,-0.1517672925951954,-1.171127049204474,1.336032309112884,-0.1717423603701263,1
14754,0.3322191754706438,0.2186246934911739,0.405186946434845,-0.3278635113321351,0
14755,2.913793877875437,0.3386817454705404,-0.8972414556921887,0.4236145139483067,0
14756,0.5610444802416992,-1.9674850252781009,1.7861980167553162,-0.7078276463173179,1
14757,-0.6687692397657234,-1.291859051973815,0.9654505565145168,-0.2188616504973241,1
14758,0.379602077750057,1.1942263230458483,0.2417815349411696,-0.4593816732231915,0
14759,1.4793755956826695,-0.3052970252262144,0.2395566342488224,-0.4353253906021304,0
14760,-3.54927164128628,1.4276203128248015,-0.2764971765466014,0.8135605752524343,2
14761,-1.4735148466364925,0.5895652115374003,-1.0277502753711851,-0.0773348344140817,2
14762,-1.0822425060050913,0.9320310833801956,1.7398037836329092,0.5061541452053561,2
14764,-1.3209959320188445,-1.6714981384093095,0.8044536264919474,-0.2726148125615618,1
14765,-1.0985667058914692,-0.8587887451405347,-2.0190297180457404,-0.0086733233906495,1
14766,2.085414520805029,0.887198213575565,-0.2942601568488208,-0.4502532366450629,0
14768,-2.387235446081222,-1.1610524359106515,-1.718366957338032,-0.0235435743681857,1
14769,4.639395246258848,0.8824901887768669,1.0772751943398782,-0.6627404554127216,0
14770,0.0665581195680596,1.6186910674811117,1.4167354066245257,0.1227583424662668,2
14772,-2.248742196054408,-0.9037015172483208,-0.1419233802869878,-0.0018062861056744,1
14775,1.186389051485017,0.5971660908595371,0.3573897322205718,0.1607498165994184,0
14776,2.026207808860529,-0.1407534137333821,-1.1478736453121805,1.281951805415614,0
14778,0.0119478677131158,0.708044885879468,0.4964613018140683,0.181168178687679,2
14779,-1.8334361534363552,2.387738477069071,-0.7201430406738408,-0.0668317374194148,2
14780,-0.4858855452490592,-1.3744328326548962,-0.000339212972062,-0.1520829043057417,1
14782,-2.392275899387636,1.5612368849540943,1.0008850128783175,1.104054912707355,2
14784,-0.901180871321402,0.3142369631685861,-0.6395323072872278,-0.3164157600075432,2
14785,-3.345124356386192,-1.9562626847564049,-1.960456056951564,-0.3721437804675671,1
14788,0.0832671267520652,-1.917697551207356,0.4162010507247128,-0.439552065651261,1
14789,-1.7957179706975304,-1.8013250491745214,0.2065799370233026,-0.471811127253239,1
14790,0.3808052523460108,-0.3281299861735612,-0.7496235985768337,0.0340757625219803,0
14792,-6.631202168434263,-1.1221371915473182,-4.4277487591134905,-0.6605045523270292,2
14793,-1.461663720843746,-1.802820643869985,0.0774646369067659,-0.6729983910917283,1
14794,0.909268967726322,0.9923119572045828,-1.3148312047494355,-0.8695244039621786,0
14795,-3.118566567550081,-0.1823746808651277,-0.9642088880027052,0.4737903027385314,2
14796,3.79959742547066,1.454828211816089,-0.5706215369302653,-0.9408884259612944,0
14798,-1.864882473103933,0.3337999871180616,-2.0058133944277525,0.0138948358737852,2
14799,-1.6900436665634762,-1.5729133276920606,0.1407420305203245,-0.5087650657489653,1
14800,2.7800892459302986,1.7366669448571506,-0.3540698987667491,-0.9600833162168588,0
14801,-0.9548111155397307,-1.4052932925052846,0.2544362011396337,-0.7147201615536414,1
14803,-0.1540725493966027,1.1067111371470857,0.2232842984955065,0.0101219754637187,2
14804,-0.990194570232358,-1.9567730941816848,0.5750618213334384,-0.6461861544570802,1
14805,-0.5147347259853972,0.2300760287701118,-2.151615199421692,0.1022660851437138,2
14806,-1.2817196052692887,-1.4363420600123802,0.8546124919126181,-0.2584541222129992,1
14808,2.603517510347816,-1.6189411470641664,-1.0275657484235787,1.5368113036849118,0
14810,1.1516125409824642,2.36681465962192,-1.142580943948015,-1.826173737838687,0
14813,-2.880801747603079,2.657355279804139,-0.6659754368009447,0.7593534987499484,2
14815,0.6543122944886579,-1.5715915090332824,0.8365548851269045,-0.3207035896394087,1
14816,-3.2000640657772887,0.6793551160341882,-0.7619935794405097,0.3344485659605179,2
14817,0.4494870959872022,1.1859108651685624,1.722029791558795,-0.1140387714317184,0
14818,-0.0330531247559452,0.1160893280834667,-0.5150883468415458,-0.0255823948871992,1
14819,-1.5982256435089626,-0.1960276217843885,-0.8469866713229831,-0.3914519985826574,2
14820,-0.4266931081888027,-1.0801353947274643,-1.7237457913525611,0.4425946817609834,1
14821,-4.722073644890508,2.1662217816564007,-0.9275542662376048,1.3755285409474485,2
14823,-1.6002446509559525,0.8029979096909526,-1.2451001974975442,-0.3991692091802828,2
14824,0.4230647819483277,-1.6853976982187997,-0.5779882342067127,0.4069730865591162,1
14825,1.6616871548849377,0.8106726851311702,-2.095634259002726,0.1088967297672747,0
14828,0.9485908126204732,1.6857207132575958,2.3492299088064623,0.0335150230597326,0
14829,0.2317745095444684,0.8814332595739813,-0.9926433204994828,-0.3009372419476129,0
14830,-1.0960186303469153,-1.500589996720151,0.2420447089690676,-0.6949410314667698,1
14834,1.2466864028633058,-0.5975494573670381,-1.063454498945269,0.6448879831435189,0
14836,-3.1635384626243086,-1.788649024784105,-3.029045448280218,-0.1837646628111711,1
14837,1.5234020552278909,-0.312713074836693,0.4835660548903518,0.1962175338900006,0
14840,-3.9831172487005593,1.144256657813428,-0.7341879711616917,0.5717907653514747,2
14841,2.2860608812033067,1.0116611239227276,0.259454579537405,-0.1590649257586838,0
14842,2.178774582334413,0.564719492582426,0.6664643247795264,-0.3571462918858058,0
14844,2.313229479751535,-0.2181307176171753,1.0182775239702315,0.2976800342500101,0
14847,-1.3101187452321943,-0.5336844782175768,0.742501962581058,0.3525581483269414,1
14849,3.665799241317979,0.502447867194919,-1.828830426722705,1.129626216788941,0
14850,-1.1447564267141876,1.441062163809817,1.8077930173102643,0.8794632647318823,2
14851,-0.1250068960760219,-0.0815299190865933,0.0013332409866139,-0.506949039719302,1
14852,2.2317133142684424,-0.4031023024666756,-0.1219745764726523,0.7977251530755287,0
14853,-1.2196127829756989,-0.2346149036167438,-0.6919362919056666,-0.3484269126411079,1
14854,1.97525936288086,0.4949420920631194,-0.0876600372630446,0.0145913846152362,0
14855,-0.5662729387354525,-0.7799846978240589,0.4030895607674757,0.5259298632404174,1
14856,1.0381536924382364,-1.6499280432809509,0.3486447519892552,-0.0426144788901822,1
14857,0.9162060289425789,-0.930715980217706,0.8348476794726079,0.0390756790496804,1
14859,1.0149714147048363,-0.5870239431442077,-0.3085791291107177,-0.0791051895699074,0
14860,-1.4454408503462246,-1.963630268151336,0.4307200037865193,-0.6986386987872996,1
14861,-2.239073410097088,-1.5817871527846696,-0.0907091573950326,-0.3889354868745465,1
14862,0.8369340673413689,-1.1598537126407529,0.7929828261320246,-0.1565577512649375,1
14863,-1.2735056586560936,-1.7774992133901892,0.4586921158157303,-0.5347068760937467,1
14865,-3.0593198101052,0.490577297151768,-2.417037490357786,-0.3764641018917562,2
14866,4.2733150342114055,-1.0459838042472565,-0.1857303968160397,3.084394623595686,0
14867,-0.4146667111361716,1.4695678853032037,0.0518433945987754,0.2258120365032385,2
14868,2.350057620918698,-1.002205699584332,-1.13879765164975,1.0410282085567173,0
14869,0.6751460226917037,-1.4417599826710583,0.4349383960079032,-0.4513554057087043,1
14870,-1.5793513376519732,1.0216724203364758,1.216195287918958,0.6129792781071186,2
14871,-0.1635118060315874,0.843605721567855,-1.9299958171507636,-0.6450355408763528,0
14873,-0.6715516511631516,0.5058889721455132,1.59911815171913,0.1520378236802008,2
14875,0.9837295923782112,0.3195623993610425,1.3620850716805692,0.0480084156114685,0
14878,1.0953087001095896,0.8635013323670866,-1.805574448493044,-0.1525435357203139,0
14880,0.1293833863476312,0.3235096012083825,-0.4500423385053474,0.0565286124381547,0
14881,-0.8081817149244461,-1.9574844341797215,0.8891588954987862,-0.7041403127620179,1
14882,-0.9741604248736828,-1.7430419070069685,-0.0822137350773254,-0.0386576503414266,1
14883,0.4578963270899873,-0.793913955052375,-1.600410712561095,0.4496947907847365,0
14885,0.2938905066703189,-0.9016347342661511,2.479809328492937,0.3676817863386586,1
14886,-1.237909100117321,0.9137178403097066,1.4274549352874084,0.4977172985395736,2
14887,1.047957360865266,-1.5162569630585578,3.404184975564724,0.3323046780391879,1
14888,-1.062099522701585,0.4350952277841845,1.4171449049417992,0.1349657628737539,2
14889,-2.6936967987556013,1.7691411874154024,0.5444458308104364,1.0467516958047154,2
14890,-2.9711536582681384,0.9872484639291712,0.0134743198504999,0.4949499402772626,2
14891,-0.3134185486457302,0.0199814940338527,0.8188245054525024,-0.0066852669226338,1
14893,1.2206313123707784,-1.9917492925223592,1.1891887309490272,-0.5630351363543783,1
14894,-0.0153996398440608,-1.2311375019427346,1.6147582631782536,-0.1000102374421362,1
14895,4.726824312676993,-1.9114391086693767,-2.1487042007759123,3.496330787007502,0
14896,-0.6333224015481737,1.7961293239759817,0.4635416560047641,-0.0144965676287484,2
14897,0.9905616795173368,-0.029267041786593,-0.6425370737206029,0.1240310900124248,0
14898,1.093607876859731,1.3908092393138691,-0.7139176600337086,-1.0249218360753969,0
14901,1.2083543384684894,0.5628329888636006,-2.196355069412289,0.4162875793896925,0
14902,-0.665296245442303,-1.8326077217231544,0.8657265288222902,-0.6412028926551427,1
14903,2.3563267069687983,0.5926415292843352,0.4047134312368886,-0.9898871960790088,0
14904,1.4158935781756474,-2.0722964928806893,1.5581391849466164,-0.594293706737632,1
14905,-0.6736331895874424,0.3623708826532243,0.6127015519323818,0.3333555657615797,2
14907,2.5622134793768163,0.7303119287001067,-0.3193763499437237,-0.150126068499575,0
14908,-1.3758066231193191,-1.3301390542380829,0.6005470602297236,-0.1510898142770454,1
14910,-0.6823285260774876,-1.8365729340419228,-1.7939913063236914,0.0475967014352402,1
14913,1.477233531943949,0.7195588078065853,0.2270535811575397,-0.334316918807954,0
14915,-1.4678657648858604,0.4155864578947523,-0.748456541338506,-0.0190654200071794,2
14916,1.3073170210061882,0.3166324754085565,-0.0473439635050893,0.3814722646739303,0
14918,1.0513643100178076,-0.7132209558709637,1.524541716755656,0.4927105389339366,1
14920,0.1441498684986523,0.905752985620806,1.5852687614685108,-0.2328079137928712,2
14921,1.4330070050529666,-0.4206554482016534,1.3683801584110984,-0.6361289235771085,0
14923,0.5708146779411453,-1.593779233345471,1.857188362581761,-0.469554692086057,1
14924,-1.9325976273034335,0.9219816580189376,0.7967086037415867,0.5396136776088288,2
14929,-1.4260474907225107,-1.7558468994305387,0.347046079011382,-0.5467654580034406,1
14944,2.9991729751039484,0.0092223291855179,-0.7628924235896578,0.8172434328595221,0
14946,-3.2262479041735257,-1.7974686350613098,-1.2672682306273964,-0.5833565105885721,1
14947,-1.2890970205449954,-0.9763789666146404,-0.6104008514330681,0.1017049720449922,1
14948,0.8601176055788691,-0.6840465184970094,-1.4448567733592013,0.4792427904676431,0
14950,-0.7563279422718368,-1.843365829386132,0.6578483536155644,-0.6592903461991482,1
14951,-0.6703159265792574,-1.3416407033375342,1.1366390115314002,-0.2609005475970202,1
14952,2.9649623833011014,1.908276973727532,0.4795356270443803,-0.9071021915706868,0
14953,-0.4357823083677786,-1.7940458037041822,0.6593089565333204,-0.8948876512939311,1
14954,-0.5198432976396054,-1.8235366213369404,0.2323990787197924,-1.0559309473073883,1
14957,-3.6353914723811247,1.0345610710899509,-0.8672553059833079,0.2313263572293278,2
14958,-0.9748630465938912,0.4839571196242935,-1.033812246797361,0.3278007274157106,2
14959,0.0396676837147421,0.5795569536803029,-0.7251710365091354,-0.2766285358452293,0
14960,-1.039789103942154,-1.030872975461154,-1.0058860463964885,-0.3028400264973621,1
14961,3.406073418518478,1.1875944470723985,0.4066302481788038,-0.7011706575876887,0
14962,-3.153795377501716,1.161706638338983,-0.0025249259303715,0.6881393482988623,2
14963,1.8232317792415205,-1.2291758606003376,-0.7518713897696343,0.4842459090290406,0
14964,-1.9040258235208047,0.8328145527306928,0.9386470640971366,0.4104577523594259,2
14965,0.1448192818931638,-1.0444629212575811,0.3122408574222031,-0.0917925740506871,1
14966,-1.0688399827463697,-1.9046454132066564,0.2047499680466665,-0.9603570514997344,1
14967,-0.9797079103004211,-1.5875539312117497,1.0226936231616188,-0.1492724732861374,1
14968,-1.4017953247653128,-1.7116787017016526,-0.1432307367597931,-0.9018084333323068,1
14970,0.3916860671351289,0.8041470600571519,-0.4600664151483654,0.049368248204875,0
14971,1.1242717991064832,-1.6802066585333002,0.0894330328293716,-0.2871170205353247,1
14972,-2.624659658282478,-0.5744817613011233,-0.9636184717535125,-0.0612385635621306,2
14973,0.3892876256223808,0.0815730638593844,0.2789661005759858,0.2950932835439747,0
14974,-2.613899983025213,-1.5431526170126957,-1.1658980174084614,-0.7742573996748391,1
14975,-0.8615106770848757,-1.6265267816736928,1.1895888729022877,-0.320478114802342,1
14976,-0.128828482369267,0.8785191243426302,-2.319728606390015,-0.0274185294438947,0
14978,1.190525390067506,1.6175610645252476,-0.1692963346096727,-1.1549367807153663,0
14981,-2.853986326707576,0.825919244341487,0.2085035254520383,0.3665219126859304,2
14984,-1.4846575527291497,-0.7325419419438236,-1.8946951239820091,-0.3395609050473089,1
14985,-0.8710532046679856,1.7509133353252893,-0.0293951007368886,-0.2925333495493736,2
14987,-1.5655906247057334,0.4969196403223322,-0.8239547843144249,0.1260138438048414,2
14988,-1.0162642746934556,0.5561820417046468,1.1193418292576076,0.0033858465151784,2
14995,-1.077757867774452,0.2875918672617578,-1.3467752786148333,-0.6605089862166238,2
14997,0.2213444566021827,-1.0430032721710234,-0.0637227589465856,0.3179037655223269,1
14998,-0.5263349887183493,0.5486838012689861,0.1071374653997979,-0.0148913055607811,2
15000,0.1336854838041009,-1.5218047320140613,1.072598439750995,-0.6934405291728951,1
15002,1.1797547566967856,1.6301130889511428,0.4659893383849128,-0.4758756634197567,0
15004,1.4765793051678688,-0.5833816510347488,2.539485116956965,0.0610910470340697,0
15005,3.4064029965907223,1.1699376142783355,-2.1970895209011774,-0.0433914108988294,0
15006,0.38605582739901,-1.4995295705326137,1.176986386901334,-0.7795249453235177,1
15007,-2.1853102652317213,-0.3858743209000074,-0.0858650896947869,0.312669588716801,2
15009,1.3028000422749957,-1.8792259958146624,0.1400591824804409,-0.4263107848759435,1
15010,-0.814768010653384,-1.711598232693606,0.7265251948451241,-0.5807477315693204,1
15012,0.0832995448844526,0.8559170924967963,-0.5904616174434687,-0.4290381723263628,0
15014,-1.0681726606545443,-0.7818461673583352,-1.039597349692039,-0.1283319989434356,1
15016,-1.920034741563476,-0.2254687844962107,0.0110097694333219,0.3244125484467134,2
15017,-2.0456893868643125,-1.6217800268677112,-0.615924733474752,-0.767989113152477,1
15018,-0.491442778177021,1.0711868381201233,-1.075159755968318,-0.531031050795922,2
15019,-1.1644856154040069,1.1257933071498551,1.0015846477969697,0.2539071646761363,2
15021,2.042170184810897,0.580047559133803,-1.999446206545672,0.1403191698629662,0
15022,0.6883799350701384,-1.8473593687506864,-0.8987463716389358,-0.0899766546419101,1
15023,3.710671146354147,0.546740643690968,-0.6966859890637866,0.2986788236386059,0
15024,1.616714282928409,0.3543624935575408,-2.243024235738448,0.6292846128410915,0
15025,-0.236877920382128,-1.6693945159269103,0.7193495825515183,-0.8327435113921332,1
15026,-0.3947972412236649,0.7062424514745467,-0.6905030624491351,-0.6725215379764279,2
15027,0.424750738602018,0.0830487060621463,-0.3273459428525488,-0.4487254200659938,0
15028,0.2964328580469626,0.355890636003759,-1.3263752958504105,0.1767778044264116,0
15030,-0.6640465582025417,0.1092745165742214,0.3763387242133864,0.066873721523046,1
15031,0.4462412401817726,-0.1037009860392325,-1.3589732086326087,-0.1939342578027428,0
15032,1.892401717330964,2.1252858924789235,3.293317979418844,0.4548275896279207,0
15033,2.630703943152525,0.1112165603501757,-1.6123409277234568,0.3586385798678687,0
15034,2.892991098036964,1.384722018639229,0.07004270819879,-1.169674891683523,0
15035,-0.8789863907754536,-1.1907799038101268,0.8258216594653669,-0.2758026040965744,1
15036,-0.0379859809903862,-0.6802579653917676,-1.0800717132644158,0.0951916235076353,1
15038,-0.1006836641455653,1.7316126892757284,-2.017017705859362,-0.9990213964408888,0
15039,4.178670824411913,2.766186351477017,-1.188877300492852,-1.9897485375587032,0
15041,-1.3171246183097447,-0.2246601655811172,0.1067013078484926,0.0514512904555707,1
15042,-3.121360405189015,0.4803633065601592,-0.3194093220442185,0.1675328379161673,2
15043,-0.7252776890305408,-1.9061901054333836,1.6166315346800224,-0.1386292875258709,1
15044,2.925356451777568,2.3794644835916343,-0.5292055985511686,-1.9236268383178197,0
15045,-0.9027721877064036,0.5840347611242648,0.1714150997598136,0.4432732517527471,2
15046,2.772770656975505,1.2654061434397637,-0.8494531441490696,-0.812627380103949,0
15047,-1.1210990295408405,1.0541357638129043,1.5922290525677958,0.5684449169035249,2
15048,-0.471382765371298,1.1572141456943144,-1.9309185136032847,-0.4096767184978208,2
15049,-3.210756511739344,1.1220042473944205,0.2255764504002168,0.7917060779522386,2
15050,1.5868121603506369,-1.6741093189796454,0.8445512966345387,-0.0223023181725506,1
15051,1.655217521013137,-1.170524765502778,0.3807860808154166,-0.0453409717685534,0
15052,-1.9865217359360767,1.6800066647373055,0.6601959652675182,0.7936229147641435,2
15053,0.7537558379490048,-0.152322117452841,-0.0858348126600078,-0.3556153199532278,0
15054,-0.438407529790701,-1.6619822608789985,-0.8114891666316716,-0.8457499755484301,1
15057,0.2938281638601868,1.7030431313496637,2.235029589503439,0.5814044568420228,2
15058,1.78432596033129,0.7772591042926262,-1.780011579462201,-0.4043067883131833,0
15059,1.1320764386509956,0.934582059421975,-2.0272365132400743,-0.290379654664165,0
15060,-0.6575187827238262,-2.0347705763167747,-2.095620412580241,-0.3626923521348353,1
15061,4.581428422593922,3.5600533054087498,0.9326662830689688,-2.9052388244274843,0
15062,0.5422484085207305,1.3489064428749995,-0.0670576120721726,-0.6764580398556356,0
15063,-1.9926175202005445,0.5732619772980083,0.8538615812931082,0.4658280114796742,2
15065,2.395396235706777,0.4299908931644414,0.8424228069725304,-0.4372775344452491,0
15066,0.6035064080705229,-1.5357769208369414,1.836077030330597,-0.4089563656868447,1
15067,1.5561328864603456,0.2321751222948133,0.7945487369767357,0.0942357266079482,0
15068,0.369852049810239,0.0775453279134266,0.0773413572977587,-0.6432098818262765,1
15069,0.9789615453238352,-0.2839708879186519,2.504157617605488,0.4563934190696983,1
15070,-3.9592479029048016,2.1528719044355835,0.0665240236557472,1.6599663313980295,2
15071,0.1738184235365213,0.380409282571677,0.6130967759515136,0.0608306673123879,1
15073,0.6832993325108855,-1.0119156496463888,-0.2114880741551438,0.2328813733675247,1
15074,0.4546384465446124,-1.053974349334089,1.978190647764836,-0.0560441173397871,1
15075,0.4072642913587941,-1.3551596946942328,2.027338251800206,-0.1561673937237138,1
15076,0.6849715882092515,-0.3840614383547401,2.406769594655537,0.4449684167710125,1
15078,3.5212643542760547,0.717520071631431,-2.111302186061945,0.8733175466798926,0
15079,-0.3616948054536612,2.495690845994535,0.1191290149656859,-0.523584528309465,2
15081,-0.548172678822701,0.790652630692829,-2.2553332122894814,-0.0466981266235172,2
15083,-3.5152479414720026,1.027562984510947,-0.3963078172589091,0.5140128151712892,2
15087,-1.0839200257089,1.055735350649247,2.0202590703125005,0.7146785686639007,2
15088,0.8757023635036292,-1.574366614761961,0.8046203485761284,-0.3266079113259378,1
15089,2.235942419415081,-1.6869853776118693,-0.6432639949209946,0.7502002834936274,0
15090,-1.0966187333196988,1.4537479456654068,1.705970985276123,0.8621313635622148,2
15091,-0.0724599505500236,-1.4316488907829554,1.4730312391158509,-0.3457180363405844,1
15092,-1.300205806051054,1.420506659513871,0.2116601318890298,-0.0106123593118151,2
15093,2.617060288088867,1.214011123571619,1.1171728714901297,-0.6895432283275401,0
15095,0.7813045847270413,-0.2817168948609121,0.3340659919755728,0.4924285160392525,0
15096,-1.510725259796724,-1.6288432302527125,0.2784536574986424,-0.4684974216052084,1
15097,-0.9152544863068044,-2.020177519210186,0.4214934061363297,-0.9094295974784444,1
15098,1.9302565666755545,-0.171709811376777,2.649686799839365,2.4617384740625687,0
15099,-0.3399131210078582,-1.2876394805463445,1.4049713763464935,-0.2001185603449241,1
15100,-2.311808620174527,2.760841075886897,0.3180664745247672,1.1597520458250328,2
15101,-0.9279815151307638,0.4094997914923883,-0.5980999532605101,-0.1803617616329392,2
15103,0.1350095578225512,-1.4162372474438771,0.2669162166131573,-0.2380951865356056,1
15104,0.4381955871348972,1.2163066086963104,1.5759006431074007,-0.1929367089488649,0
15105,1.9812999883389275,-1.7584779952662464,-1.0884247325538123,1.1753875773107314,0
15106,1.4316039970783834,0.0759646779745123,-0.3814358717076533,-0.3618261999146991,0
15107,-2.6657339292635065,3.535545423331301,-1.272924591611471,-0.5385710456950289,2
15109,-0.888943615899266,0.9010556470303892,1.4687169584961033,0.4070677018870615,2
15110,0.1054196798755391,0.1876660661199455,-1.151787485800319,0.3974115012251588,0
15111,1.5501022982897614,0.565106201527577,0.2752394614911341,0.0537016143424207,0
15113,2.551661980023337,-1.894415025597356,1.7457647158080365,-0.0301270385863558,0
15114,2.522309256741037,-0.061476891723491,-0.9764101127899129,0.62979835275546,0
15115,-0.743218381238379,-1.8686826959891356,0.6641665555358832,-0.7057462495955092,1
15116,0.900994257018112,-0.5687250759942615,-0.2900245668640422,0.0016617473533925,0
15117,1.6507508966779054,-0.7314203407543822,-0.1242875654440684,0.1903212856300505,0
15118,-1.2470081675201974,-1.1240312538943884,2.23777561673006,0.6242354761736142,1
15119,-1.8327698358631448,0.8956275331489024,0.8362586684605601,0.4391874408008092,2
15120,-0.6319877259250886,-0.7701286417906279,1.3221807397983978,0.1654752559847915,1
15121,-0.4517581798140575,0.2864587023005033,-0.3319357906848771,-0.3128631473845444,1
15122,1.120260690569005,0.8885292183704173,0.9679452384851248,-0.2365598385775931,0
15123,2.1286596391320587,-0.495952347050774,1.8032530782239613,-0.6840515049626077,0
15124,-1.5118246807766786,-0.4780827212919509,-0.8356343587860952,-0.6993030319146905,1
15125,4.032043759282264,-0.7494847611903114,-0.4998438462454629,1.7260569339073264,0
15127,-0.5695474489239724,-1.4510953593550315,1.2095455638154775,-0.2573842084996026,1
15128,1.410044407200526,-0.3491813061166163,0.2605138636160314,0.1153119711791114,0
15129,2.000881912856356,0.2361125252290905,-1.0395193236716374,0.6578947831561595,0
15130,-0.9079589730781898,-0.3524877660401357,1.0802140804066855,0.4082657479644695,1
15132,0.6450068199480549,0.0656541675209241,-0.9330519872844394,-0.3121336915555529,0
15133,0.2403142749060209,0.9284711394572742,0.6080799882842471,-0.0611373294354955,0
15134,1.0378188716889398,-0.5066960905967391,-1.6816637310447469,0.5565449971456177,0
15135,-2.838406848373202,0.8723216455361161,-0.0636079840505676,0.3535404510287196,2
15136,1.141089235284391,-1.6664276243944542,-0.3909083718366631,0.1518945649196658,1
15139,-2.187196806177381,1.723079008866544,-0.1819550625629857,0.1739444971158535,2
15140,1.6963968536171252,0.3090956881920238,-0.3232446574719545,-0.0866300666273217,0
15142,-0.0339659265768593,-1.6689040740478998,1.5041161413343287,-0.4712724694632448,1
15143,-1.6175664316523355,0.6241398124083928,1.0952816960850458,0.2835087207805278,2
15144,3.402083059523633,-0.4392199563633762,-1.743025928227904,1.5519546731131555,0
15145,0.9467395190796228,0.0231056095653367,-0.2265444167255542,-0.6748223511465823,0
15146,1.387608375899675,0.642344055698921,1.952710578684064,0.2364498425625497,0
15147,-0.249230346836786,0.7164644555806952,2.2703947011554417,0.4083275171058526,2
15148,-0.7913944908970287,-1.968211501274872,0.6662860823600085,-0.7716611535003556,1
15149,-0.5874755873265722,-0.6476032522859159,1.097090873319599,0.2216711383703255,1
15150,3.7146200451777354,-1.079335963941072,-0.8660461762129865,1.6348144278588037,0
15152,3.3908250077281923,-2.059709426905727,-1.8332685952165024,2.3394511559279745,0
15153,-0.6865854104816628,-1.7645363999059025,0.8001840140483,-0.6261554626054322,1
15154,-0.9078867827450956,-1.1608394728597,0.0946733227891181,-0.5870816618894097,1
15156,0.6854769364825342,-1.9360186226594205,-0.0452579560068475,-0.2798102135768621,1
15157,2.483331717577724,0.2538675075854733,1.0479702617351327,-0.2015015416022105,0
15158,-0.9188790245590948,-1.6787218359906102,1.0947999940706576,-0.2459171449339313,1
15159,5.210862745659458,-0.1987044049068473,-1.5537594594249249,1.847151005212676,0
15160,-2.90784969212154,1.949124483488879,0.7468906150204472,1.4099340336395836,2
15163,-0.8724427824639489,-0.4161119471312021,-0.6737542712708646,-0.7824143424098429,1
15164,0.4341462310961544,1.0261226970368382,-0.278004445109634,-0.5546880486138374,0
15165,-1.021401108266817,2.1632284387507075,1.8539146255761216,1.3600623888732577,2
15167,-2.1772433929414023,1.7382034266648885,0.3021320745265767,0.6765282195211386,2
15168,-2.718713206450498,-1.7571118143484967,-0.7390586228994821,-0.5773484091797176,1
15171,-0.4050378214510088,1.5984692520893822,3.0462901258044464,1.5825353823296058,2
15172,1.7170290349171953,-0.1748818627291976,-0.0979906421747503,-0.4913417764450231,0
15174,-2.456370630576215,1.5817165250520429,0.7941226158248424,0.9287289345118664,2
15175,-0.7617828682828854,-1.4626043179744326,1.0812552259307684,-0.4087301610982599,1
15178,-4.458749008370017,1.0416081205785614,-1.0806213074701474,0.477918209283043,2
15179,1.9599989451248323,0.7210303082747105,0.4001184306820179,-0.7598341113564532,0
15180,-3.661607125297436,2.1600055161117595,-0.2283262538039716,1.2961904725319675,2
15181,-0.2065692086826576,0.0358057217691371,-0.0801024492436804,0.2572511095985411,1
15182,-0.4652684189337606,0.5939574090991198,0.4334321031758125,0.2780149407953349,2
15184,-0.3705495102496723,-0.3337517656708532,-0.454741459218769,-0.8288338064718633,1
15185,-0.3438879835076812,-1.5276349721276703,1.5706283138581518,-0.3414778434292142,1
15186,-0.6150625990969447,-1.017583547364524,-0.4893494284620477,-0.0923797870001836,1
15187,3.022692706348307,-2.484318278337889,-2.6962176578464363,3.48311327764562,0
15189,4.2230143908287445,-0.4339665748480584,-2.5668859516886906,2.3596404016887558,0
15192,0.6244123737422824,1.2383113404247414,0.700713155471955,-0.014511566650871,0
15193,-0.5309358624978083,-1.4156839037896602,1.0070353854407588,-0.2889823244849293,1
15194,3.396157906638262,1.783488407914014,-0.1082923420742514,-1.369705169452368,0
15195,1.4674478956982486,-2.371739151750592,4.098395631519841,0.190874403141183,1
15197,0.6380023595199246,0.7984591597348696,-0.0084949671980316,-0.5501256114828091,0
15198,-1.9956251513208896,-0.9091534882948744,-1.054918429217736,0.1821717147011833,1
15199,-0.1503613938019722,0.5642894684613708,-0.2270527474271579,0.2571166980831073,2
15201,0.7383084858308318,0.1879190577656137,-0.1218047204278241,0.130045024212897,0
15203,1.8125856057592988,0.1878871760498681,-0.418169336818758,0.1219273559326257,0
15204,-1.5837416242917477,1.867073644856616,1.884114889048032,1.3861743403803126,2
15205,0.0381739453590036,-0.959865092484964,0.4130214537864579,0.1075871971203842,1
15206,-1.4124967250049418,-0.1833689238055449,-1.8971316150440043,0.3995528806396421,2
15208,0.3078205821011121,0.1624437113216124,-1.7877443875723105,0.5168764969562917,0
15210,-1.1060939341610532,0.5874339761467263,1.4984430983295305,0.2468647332931726,2
15211,0.526911261473631,0.8011773049169345,0.171879891528913,-0.096724467196071,0
15212,-3.3807792474938188,0.8759237852957839,-0.3502274125659843,0.4230460076273227,2
15213,-1.5902143739309595,2.0397537138150805,0.6622686235494925,0.5763533478011642,2
15214,1.844356956284578,-0.9434441249886052,-1.6820893346426111,0.9174699842764248,0
15215,-0.1464195223620985,-1.279362445479166,-0.7220443049383621,0.14617049104409,1
15216,-3.39912110900898,-1.093914157241912,-0.980156406774338,0.0224724875187809,2
15218,3.126609501122753,-0.2264188376755616,-0.6758471708252481,1.125542056650229,0
15219,-1.8677191538926676,-0.1558521399135804,0.2385082559124338,0.6298625692059369,2
15220,1.550768882247792,0.5726984533989686,-0.2773883057835676,-0.4723057198252834,0
15221,-2.261841682867774,2.162276165310335,1.0716023805431265,1.6211430709774293,2
15222,-0.9437877742990892,1.4007316443024396,2.66002360885535,1.3368619278761165,2
15223,-0.9186542490864306,1.2007273758108492,1.001934571197063,0.1734833586697502,2
15224,-2.087529681397099,2.4450269073230877,0.438110836045087,0.9627923705145498,2
15225,-0.8814261537465492,0.6938555082043969,1.6614271525093194,0.3253594492946041,2
15226,-2.704038813639798,1.537140698596729,0.4721497521228291,0.9315696638191112,2
15227,0.7173602894503933,0.8528649878716273,-0.4879393085473275,-0.6125425582233442,0
15228,2.601475376564695,0.0922318243917033,1.1034687529726714,0.3870039025497913,0
15230,-1.1151303688319536,1.153175917740988,0.8684513232636896,0.0034496689117217,2
15232,0.0218683298284437,-0.8545719087977011,0.8326129416577228,0.3468228707241665,1
15234,-1.8449877873545475,1.1000513081823675,1.1462665013744648,0.6081337499737549,2
15235,0.3793046086761065,4.5957928067859575,0.1833974551097811,-3.0082282059372005,0
15236,-1.288373358370408,1.3008506621739886,1.752703272378174,0.8517615560687379,2
15237,1.414945002675469,-0.1147015884910494,0.0745777974183435,-0.8230964932279925,0
15238,0.946944631857123,-0.9631236935505942,0.0346329690226096,0.2292025935186038,1
15239,0.6269029522437773,-1.6025493078480906,0.6105349136927201,-0.4139898046541619,1
15240,1.336697931485882,0.8091025643212442,0.1360632060111281,-0.5839863229088648,0
15241,1.526333585925099,0.326017347816167,-0.8101290081990775,0.2383789099812923,0
15243,-0.8171262853242703,-1.320406477083064,0.8160835981263739,-0.3137158230464762,1
15244,0.0553624948667777,0.0391841532734203,0.4349216831483036,-0.2871576296552658,1
15245,1.6586379383072234,0.6618699824965745,1.9171107595592627,-0.0955026140819924,0
15246,-0.809348644530234,1.9007719366714684,0.6098826695630574,0.2251989589570837,2
15247,-1.2835280000267115,-0.8810661858064546,1.04346468862938,0.334009729767098,1
15249,3.3225444263909365,0.0416113206420796,-0.5954739750212481,0.2952549150567199,0
15251,4.038728169817632,-1.1345654542640178,0.0216663904514708,1.5993891126566615,0
15252,0.5604926934300639,-0.8768420756441903,0.4551334837490647,-0.0379667581792406,1
15253,0.8584530947150736,-1.3217246487889638,-1.144327815872811,0.626736734944281,1
15254,-0.8656887514631553,-0.8455207559312865,1.1414955388897643,0.1117732142408593,1
15255,0.7886102234537149,-1.44259522628321,2.111915941716728,-0.3315704559064849,1
15256,-2.907966010450182,-0.5084860730463466,-0.5344162089125688,0.2873202162771807,2
15257,-2.215919180191379,1.3211079463349502,0.7268305250123298,0.8918832906177863,2
15258,-0.7002279468791415,0.4476787979925687,0.1733404110734002,0.1802995486302841,2
15260,1.0373576619707758,1.6103658950968336,-0.6268150135919448,-0.1954897474957186,0
15261,-1.0162737490711755,-0.7636493746962854,1.0137975975044469,0.1276373779545407,1
15262,-2.505961312813906,1.6816254677564195,0.6075474589258851,1.011876260555457,2
15263,-2.006091383448608,-0.9460926064143502,-0.0408866004934443,-0.0754385547897107,1
15264,-0.4467886339702298,-1.458989500347912,1.1766283318619204,-0.356188139693298,1
15265,1.0647678077613811,0.3687426118919355,1.5618215305810954,0.1064505377421235,0
15266,-3.5963990402385364,1.959681384341361,-0.4517141775496488,1.1429755057540083,2
15267,0.8067551191185199,-1.3172483085858842,-0.4151726821344952,1.2076295206335408,1
15269,-2.0147688904500667,-1.693356148830894,-0.0376509059836565,-0.1715484571798832,1
15270,1.287095776581037,0.7589353023944709,-0.1783173843423947,-0.4954774347324788,0
15271,2.271507928396031,0.3153813361745285,-2.682216949995317,0.823596560032537,0
15272,0.2718825975369586,-1.2607270576523435,0.2753576544921645,-0.2264646203494605,1
15274,0.469258295900217,-1.9947318035166128,0.6355295846986087,-0.5786054917045637,1
15275,0.4549263771071434,-1.7578436176522485,1.7911098164754244,-0.5899601819635409,1
15276,-1.7667540908748491,-1.2411816944338825,-0.6445324053197892,-0.720120082680154,1
15277,-1.1388392880918194,-1.6472267036302233,0.7191513801584476,-0.4283829633744507,1
15279,-1.52403804010736,1.9246596478758868,1.552014696418541,1.199746196846058,2
15280,-2.09168219488225,-0.3492045511859337,0.1404462290217122,0.2826777401478906,2
15281,1.4741202766140054,1.7235932830054952,-0.6754354170901739,-1.2129378691660937,0
15286,-2.1464894858245933,-1.5210359799126936,0.0148718621651459,-0.1490206577709009,1
15287,-0.3431567805688885,-1.6286453004519037,0.2104166340462575,-0.2356253294649082,1
15288,1.5835076063791924,1.2071028588718913,-0.080409330190984,-0.4869383961085827,0
15289,0.8786242982830798,-0.2347997908738276,0.2964644580324516,-0.2135243440771353,0
15290,3.3087834969322416,0.7952260729133829,-0.9905088403639534,0.2714085213376945,0
15291,2.0556326671178096,1.960837421338535,-0.892343588244297,-1.0585470428141728,0
15292,-2.118376582863619,0.5165434986974629,0.1001069004547564,-0.0871775651954326,2
15296,2.586456500884658,0.4328533524438889,0.1363252249982064,0.3081939365327078,0
15297,-0.1382908645073786,-1.674179578646077,-0.7408355196122939,-0.1267195207047665,1
15298,2.9363682399499584,0.6807060589256714,-0.8478707722101966,0.1637359725417626,0
15299,1.6713086629028786,1.2124672941362606,0.9181644341898516,0.2686658359017272,0
15300,-0.1277330525754913,-1.453605348227572,1.3946671276756573,-0.3536156190975624,1
15301,2.794225859204331,1.3562547436294885,-0.5591430820648712,-0.2379683236378187,0
15303,-0.5201399497013315,1.277194210722458,2.0620693483673955,0.743181037831463,2
15304,-1.3751076350743443,1.8026210899247423,-2.691811332993347,-0.4590071999424525,2
15306,0.9952493073520134,-1.0276852178504452,0.3448801043836422,0.3157643359755174,1
15307,-2.0802963477096497,-0.939668428009634,-0.3752107630480534,-0.1014164988792654,1
15308,-1.3643430968884322,1.1139302095636994,1.3933862538991937,0.6105207149651584,2
15311,6.261143144088647,1.317262832961213,-1.6731078025885169,0.4210633212441866,0
15312,0.4074017715080785,0.9734277257040002,-0.5288537319915434,-0.06251482530592,0
15313,-4.184538888051386,-0.8979176669037504,-1.433040852290194,0.1576666217484209,2
15314,-0.8852120498336256,0.2930001843038229,1.6107539828293114,0.0113475811416333,2
15315,0.2639257926577879,-1.2273784695788437,0.7558820098242498,-0.043475619340541,1
15316,-3.092650612842855,1.5698504333727652,0.921123113706143,1.4003797040284507,2
15318,-0.0861868956170391,-2.1673261326590256,1.373502520689694,-0.9288316093354068,1
15319,-1.820143830623702,1.1939707291771908,1.1077391000530985,0.6397494648507065,2
15320,-0.5270674477033183,-1.6741804380747398,0.9143348888414636,-0.6788529142572323,1
15321,2.0912340829425946,0.2403051177276634,1.2403761615766469,0.1634633592335793,0
15322,0.40760350816808,-1.2432566050740357,1.8544356994497504,-0.2180627495893554,1
15325,-1.1171753532719142,-1.0201091467425814,0.4120705916540607,-0.3879830828186792,1
15326,-0.9975068564123534,1.646210499336476,1.951367793011513,0.9638755817009697,2
15327,-1.6172195914956868,-1.5295374861062083,0.2491582523271094,-0.3841717323747483,1
15329,0.7589078054302723,-0.9423120939870702,-0.1505733342320712,0.2429259788320657,1
15330,0.2158503450765957,-1.8022793990249997,1.2754203960478077,-0.023366256964593,1
15333,0.036685227571666,0.3824715234516829,2.6138546946030874,0.3887061035129292,1
15334,-0.7088915664096743,-0.3645472966352814,-0.9863617709411416,0.5879036823384216,1
15335,-1.523781407990195,-1.4187481348305715,-0.2622102427650853,-0.682861628560638,1
15339,0.3993252255341876,0.4951155977175235,0.1968331504872194,-0.3453756931637325,0
15341,1.349554788248558,-1.3993312776685856,3.187359791751022,0.1519955677065519,1
15342,-0.4831847386022778,-0.7939602334791528,1.3692932801080488,0.1313866972199256,1
15343,-1.0333918051197375,-1.0867625433059829,0.4821753350948619,-0.1769088551829427,1
15344,-0.6991604883878811,-1.5632043161143572,-1.396050192636834,-0.0967214334463932,1
15345,-0.9294487262329544,-1.498989437931745,0.4419159049168043,-0.4562835631324493,1
15346,-1.7617731930412373,1.725667889856421,1.2463678359864052,1.0331755572292418,2
15347,-2.4647765717168557,2.0027842925255537,1.194963316161218,1.481874466134475,2
15348,-2.060831538018139,-1.309275849509136,-0.1107284416193429,-0.27473017253646,1
15349,-0.403824469385814,0.1547555850024779,0.3614954706184968,-0.1599311925138377,1
15350,-3.3424787377340794,2.1762520907294696,0.2208746532227577,1.428572205343952,2
15351,2.0338396221506816,0.0713739731299711,-1.685127917859743,0.9190466804801016,0
15353,-0.132536153870959,2.0327935017094307,1.0974044821806062,0.277604855927656,2
15355,-1.9902921328588925,-1.4683152133573587,-1.463284420838206,-0.209816849184233,1
15356,2.241293268229599,1.242844531150123,-1.0853295325508447,-0.503769595326755,0
15358,3.757610390397711,1.345400298814542,-1.0009330679688837,-0.5695895519747214,0
15360,-0.5992999759916285,-1.7099399305567506,1.1461956783215272,-0.3967069016478385,1
15361,-1.3158668908288784,1.879070688223808,2.294471099903572,1.5274957575690822,2
15363,-1.613934555137417,2.135774932785547,1.531473822312895,1.3936051562122378,2
15364,0.3612843155101663,0.190920739131606,0.9403848579402944,-0.0260245893654461,1
15365,1.906939057646373,-0.2803188045009306,-1.1100127377402136,1.0998620498219722,0
15366,0.3613131533351764,0.6741247114920258,0.5315866876918898,-0.0398051653439804,0
15367,1.5604047304340394,0.4112018545966557,0.4109037803892443,-0.3664896022161746,0
15368,-0.8979470957035021,-1.966007677669068,1.270014190224323,-0.2982562684658863,1
15370,1.5374140068092588,0.7348574398689296,-0.8066672295756876,0.0427738684410902,0
15372,1.9197617964424727,-0.9688508444352948,4.023205785235024,0.463741696025726,1
15373,1.2920282224969248,1.327351207215527,-2.2081259323268587,-0.4154435375040708,0
15374,-2.2775507793781213,-0.8339822643456163,0.3925542407586876,0.3657384058945033,1
15376,1.1618324220938423,-0.2296334305683161,0.1846614917181394,-0.3520755323570356,0
15379,2.0142262035782146,2.177920314000978,0.8668538571087737,-0.5118017955583091,0
15380,0.9270637657002704,0.2569134950280859,-1.145892363623363,0.742230958276713,0
15381,-1.348368079957016,1.2436613853387146,0.6798363515554159,0.2201556224899626,2
15382,3.538692776949786,0.0254256034370307,0.8915255730582474,0.0671325609204851,0
15384,0.09678519024694,1.102341103139246,0.8748698251852056,0.4913232850190256,2
15385,-1.0274104362553378,-1.6814262683171826,0.725121257327026,-0.4378275707578153,1
15386,-0.3305770381166049,-0.2697826760673992,1.707522549278117,0.4851004705825872,1
15389,-1.1590465258488696,-0.5540183903137154,2.09394525974774,1.0509531040460387,1
15392,1.7791224272524293,0.2294128151036104,-0.0942371750323913,0.1481209550064461,0
15393,-1.4486538008979009,0.0510450676573853,-1.0245000681323997,-0.4220829476415028,2
15394,1.7003278761863443,0.6859208971659965,0.2320866677868147,-0.2792822276110808,0
15395,-3.643794516555254,1.8496211658697677,-0.6035513141959548,1.003526321780957,2
15396,-1.2854125849917557,-0.8992905034110203,0.617229310589578,0.0553230702149837,1
15397,-3.696181235568572,1.452720805204729,-0.6717128193967954,0.739246749087085,2
15398,1.2863604603796692,-1.5865919540001086,1.186298438293234,-0.3282371780037997,1
15399,0.5599047368677752,-1.6902886948466136,-0.2023862146428566,-0.184527101873228,1
15400,-0.4726647547153213,0.0480780792352653,-1.328223301685815,0.9816462182063246,2
15402,-0.0142807846773444,0.0424383211744215,1.0828540181367925,0.005694202303752,1
15405,-1.3789605351384648,0.1948951025045678,1.4565551100956853,0.1803508593071869,2
15406,0.0306490044940589,0.2795713553859593,-0.2406919156842454,-0.4958761928967663,1
15407,1.0453092521609082,0.5763753699376676,-0.5935705006066571,-0.6312530479205126,0
15408,-1.4733539241184104,1.104652083616138,0.8959438783815922,0.3826460737050794,2
15410,1.568682301746366,0.7195592383137804,-0.1903212095273452,-0.0608476897416607,0
15411,1.209286005791183,-0.9922430661882544,-0.6552831427921488,0.3995762896685459,0
15412,-1.9162514565787792,-0.324977058034218,0.374262344137778,0.4759096610885173,2
15414,0.3727990260935759,-0.2734368425720013,-0.3848924683143518,-0.332537354070988,1
15415,-0.1256605722279851,1.4306734755074324,2.529605781935718,0.8202660275243562,2
15416,2.7188786549846533,0.4617365465444368,1.359425630950765,-0.2942648655632237,0
15417,-0.1496827291869757,-1.236134394315932,1.4394511788069153,-0.192504308354538,1
15419,-1.769830225663213,-1.924952825869116,0.2937983567940641,-0.6334430327338748,1
15421,0.2534882900327381,1.0561456780087302,-0.311821470864127,-0.8187049901308766,0
15422,-3.902754953371349,2.1580149527394497,-1.2844463260457657,0.619669692104877,2
15423,-3.543290380663077,-1.7851289000844106,-0.9305450179754998,-0.5078268994425637,1
15424,-1.1735631633335284,1.2155709569058606,1.1188386520109896,0.1514398215940523,2
15426,1.6447575273681154,0.7852337330956914,-0.9616753154965534,-0.3313289197568725,0
15427,1.7155285145527286,-1.68285982297286,0.4816354350626329,-0.3457037235636714,0
15428,-2.499085110883543,-1.9484253691057236,-0.4739552070486671,-0.7208405453203222,1
15429,-0.045912521422718,-1.486780267339204,-0.1702837248297394,-0.5693932253211316,1
15432,-1.9740996018320995,-1.76653360834171,-0.3113468406890114,-0.6441758492166691,1
15433,-0.4481368497916249,1.178929984518828,1.1164185277947118,-0.1485707950299954,2
15434,0.6916865370066082,-0.751881666964681,-1.0521877140999474,0.1438688604933784,0
15435,-1.797336074786812,-1.698346036871752,-0.6365355857059812,-0.9031731436841168,1
15436,1.4367119556192631,-0.2255636769618095,-0.1625242665031473,-0.6958001985928549,0
15437,-1.7539149947691115,1.128059105796824,0.465583669430632,0.2557847607685791,2
15438,-1.9467630534285187,-0.6097988572155251,-0.3113891566617994,-0.0512514565770028,1
15440,-0.6489399393294311,-0.1686794741489046,-1.2554067805186195,-0.3720384074741866,1
15442,-1.581665542323918,0.8152521473996996,1.821653567699622,0.979211126890238,2
15443,2.91894724583614,-0.3238891694692991,-0.8287248291205852,0.760567514315218,0
15444,1.718134538929946,-1.7668340086257144,1.1180081594014726,-0.6974499077777734,1
15445,-3.136024798440592,1.052827231823225,0.0624501110743485,0.6137505236163933,2
15447,-2.622854050851294,1.7237949486015869,0.6126656950082241,1.0570280036000197,2
15448,-0.7549387171153336,1.5091744057496126,1.963428914954145,0.9074211734456672,2
15449,0.884273581899679,-0.1446465155788536,0.1598567788525316,-0.214235766925803,0
15450,-0.0812280974282989,-1.831300265263604,1.359635308369737,-0.650557341974209,1
15452,-0.0968299184135984,0.0020954840163764,-0.9432804460411308,-0.3051990604133326,1
15453,1.57953314417265,-1.0472593421285932,-1.6896328142517634,0.3783065938429644,0
15454,-2.21394023533192,2.0925772703267267,0.6996975546484051,1.118848418357488,2
15456,-0.8388091018376853,2.35844716353346,0.5182612476043925,-0.0021732133373959,2
15457,-1.3133101008556518,1.0817201980916795,0.8789178222107451,0.2340742167346466,2
15458,-1.8072330386118685,-1.8774827685117133,0.2067974490287112,-0.571808629090787,1
15460,-1.6537261432567492,2.036418207591191,0.8664202078233896,0.9114343227242602,2
15462,-1.893840960365355,-0.2188606255417286,-1.3848946569575789,0.0532137423419617,2
15463,-2.1888762442858853,-1.794871421750423,-0.2085481919789196,-0.5891520145600332,1
15464,0.6674089680049348,1.8315526021235813,2.659123335600624,0.8605769507478106,0
15465,1.885353882542552,2.660910288990162,-0.8724786692493379,-1.830615296161221,0
15466,-0.337997134078268,-1.1901589805656456,0.9555929304631676,-0.4260284898701554,1
15467,-0.0648558306593012,-1.1644470879859263,-1.0075714039800727,-0.044189628555915,1
15468,-0.7700989618873376,-1.469416514060268,-0.3519634182667382,-0.2071270120818125,1
15469,-0.5507353296444767,-1.0684408969082588,-0.3406910610054434,-0.0312846543316297,1
15471,0.1543417479281604,-2.018829754334539,1.0305019074068655,-1.023145843186942,1
15472,-0.168025704447384,-0.8877585866708223,1.073598169567712,-0.2648492497817505,1
15473,0.3542301813633279,-2.307627196937193,-1.2539699169048963,1.5928922284452245,1
15475,-0.1825854834614943,-1.333457881504399,1.401557585742252,-0.2822955170921635,1
15478,0.9047281895226384,-1.5979151090604995,1.206334621532558,-0.1161628870896029,1
15482,3.757095758518033,-0.1993654831828021,-0.1893994973982059,1.765335800672991,0
15483,-1.1238098211134266,0.5034184322690464,-1.8330211601908184,0.3853903262170157,2
15484,2.8970800510717067,-1.882524561149119,1.1829897995020933,0.12156438038801,0
15485,2.02800008358944,0.9038118280272598,1.2413237247200053,-0.3997269879453605,0
15488,-3.090471652615131,-1.1646439245898184,-0.4463475063757832,0.0456479171740144,2
15489,0.8499557537374343,-0.4118543146459666,0.1577520094247618,-0.3125191749853316,0
15491,1.928829684827704,0.4933210539973376,0.4538691777956298,-0.2356245444670882,0
15492,0.1866605072582658,-1.5546836044169532,0.4627693362606736,-0.2747432219787845,1
15493,1.6301713036615662,0.2984927158277541,-0.6190158146111926,-0.3652632535379288,0
15494,1.6912307663158674,-1.327116808106468,1.2740993238341436,-0.3715049744529513,0
15497,0.7846180315066745,0.1674516775261343,1.075245159548046,-0.0522587868085997,0
15498,4.215077132697245,1.2796246944809948,-1.264312311374686,-0.2556469660711123,0
15500,0.8877300508407788,-1.6936222105681815,-0.6435874892493831,0.109857944366436,1
15502,3.990363477055402,0.3575700136726957,-0.2660284136537697,0.9056990016719352,0
15503,-2.132514362414765,2.18220478385686,0.2846201644632613,0.8496439359933117,2
15504,-3.299492431236396,-1.1119914529281425,-1.524970087210496,-0.493124738070847,2
15505,2.574244904616949,-1.305398007640055,0.6117842981674109,0.9298843687514444,0
15506,1.2213849325003658,-1.225372351837546,0.0190186957877035,-0.122338550805546,1
15507,-0.4365568557479604,-0.2598613346860595,1.1782970273565307,0.3601519016414515,1
15508,-0.4222296639747325,2.229577510141901,-0.2498302126252201,-1.6657031729030551,2
15510,-4.100685192195832,2.072430155784597,-0.8775968201900773,1.5229413187771108,2
15511,0.5806528969172967,-1.6369987376075406,-1.8504314713540184,0.2371550399513234,1
15512,-2.76415027876528,1.1809582936091372,-1.5990190384083682,0.4314190692324875,2
15513,3.656818850999888,2.475030581345832,0.2519286236721793,-1.6531614358862965,0
15514,2.347470188164569,1.31591827110727,-0.6883839926154128,-0.6602087293886358,0
15516,-3.505995677703105,-1.4345917614198158,-3.6956740643036383,-0.2766349545824791,2
15517,-1.110463512843424,0.6474082592469425,1.4683459263917136,0.1987601408564208,2
15518,1.5851405459307488,1.0742515992688004,-0.8763316248885321,-0.3538751471781645,0
15520,-0.4922356834598562,-2.12777373546016,1.0727194333602943,-0.7921488289148235,1
15521,2.0486267242735523,0.4800287147901171,-0.2714699156663547,-0.5303015113208975,0
15522,-0.0643898488467645,-1.4659005935154623,0.1325133073303908,-0.4011436662887107,1
15523,-0.997655691343889,-1.211714694720402,0.9160256204069772,-0.0209482195409382,1
15524,-2.760684417103154,-1.4890581468606996,-0.955913178028719,-0.0530235986239775,1
15525,0.936592764198334,0.5399952894214872,-0.8340371612644365,-0.3764165134974973,0
15526,-3.0828277344895554,-1.5496644187681494,-2.189390326011673,-0.1971886723638635,1
15527,1.9801610454879732,0.6340716215755235,-1.2166999667575968,0.1116609451034766,0
15528,-1.6344432894536414,0.964633921497973,0.8744116842032111,0.3362115542411012,2
15529,2.9015683462784034,1.808090623103328,-0.3158932693204865,-1.519060494842494,0
15530,1.5053483505117884,-0.3009172906503248,-0.121796380789113,-0.0616905136393215,0
15531,2.162445252895594,-1.8636086603910047,1.600295196622778,-0.6661582128414293,0
15532,1.7539971556156184,0.4805797531055671,-0.6660353004330855,0.0276314432780125,0
15533,0.3954838014654546,-1.4311052115623986,-0.6642581611163352,-0.1747729752681837,1
15535,-1.0262369981661843,1.822376862036813,-1.2646201704889684,-0.3743078270545155,2
15537,-2.596636236116441,-0.2083070593565206,-0.927913639973156,0.1306733725667281,2
15539,0.3069204299436178,-2.0515878091062008,1.5077148941233247,-0.8460018618763521,1
15540,-1.179852753634257,-2.002623553411789,0.4684051388760117,-0.778337936942598,1
15541,-2.4898962118663603,-0.7680284904758846,-0.9408824597167412,-0.3278874861434053,2
15543,-2.358062070880428,1.338517579241438,0.2772921137525378,0.4762148499056721,2
15544,2.701437174827108,0.8189671440917838,-0.4119862502865663,-0.1254601701398474,0
15545,-0.4809139072171797,0.8504424812069673,-1.0080198662442392,-0.4241928024205466,2
15547,3.3404774972483966,1.2027222832114084,-0.8961954447747088,-0.7213085709931293,0
15549,1.5322657640882962,0.4722545777599662,0.5039342582794024,0.1033186690648134,0
15550,0.0429701649622951,0.015671762244647,-1.6070744799440015,-0.0533591392085605,0
15551,-0.3044704249713189,-1.6922179565587057,1.0597055347255744,-0.5865146761054448,1
15552,-2.85039914031895,0.6292961274547549,-0.3071991775263361,-0.0276669620438599,2
15553,0.1296205161077974,-1.5190388070065712,1.470556806609405,-0.5446437499355468,1
15554,-2.136639237629984,1.236600073989204,0.6393484477106406,0.6378381921321525,2
15555,3.5474024792956924,0.4966763305609307,-1.5114376459725127,0.5065817396118092,0
15556,-0.6330175262486138,-1.84325025682022,0.7303833330606054,-0.7848825234132432,1
15557,-0.4445578334065864,-1.8017592520464043,1.146509016956328,-0.5040824307999466,1
15561,-0.0016205177767283,-0.4519099062564822,-1.2284756954075975,-0.0363693530519613,1
15562,-3.6808849272298354,1.936414200996844,0.2536158759272825,1.549591289775042,2
15563,1.6336080204759962,0.689887975993865,0.1775332728264706,-0.4135574401009867,0
15565,-2.3842839884119216,-1.3276869560113571,-1.6001138609782215,-0.1290939851027875,1
15567,-1.5307608764854377,-1.979879313788624,0.5182698228125449,-0.5901896221886243,1
15568,0.1860341900128986,-1.7117229194346957,-0.3613348507900972,-0.0892573917857868,1
15569,0.7106405744482283,0.413327696342374,-0.6300488823850483,1.0780053151417457,0
15570,2.477815445647861,2.0249583141267418,-0.6502936680229571,-1.7597586505801814,0
15571,-0.0443110826809209,-1.6294420490833468,-1.4856884752214226,0.0863699754591472,1
15572,2.11493861871954,0.2673112471041237,-0.6800724161064658,-0.4653192303759199,0
15573,0.3380636882906866,-1.3734067065645337,0.084734149541167,-0.4705400063070356,1
15574,-0.0502499301769962,2.0449641129597382,-0.6332286590981339,-0.3883666098558921,2
15576,0.748910497007792,-1.7136028460261514,1.958287903903557,-0.5204034312862349,1
15577,-1.5533889239223442,0.8797458160752532,-1.8082184803166328,0.3225046130157635,2
15578,-2.4628730197193214,-0.3214668917123433,-0.4186833979842705,0.278162072726722,2
15579,-0.8132670816031909,0.5986635543392902,-0.9261955569087776,-0.3255346030979257,2
15581,1.1057071765761473,2.5527608787640905,-1.7466216306990847,-0.7792649173840611,0
15582,0.2117631464358325,-0.3388996850988747,-0.3976794717920824,-0.3395199979649838,1
15584,0.4250123348144847,-1.0722049359616936,-1.4384449162079875,0.2139162422602725,1
15585,-0.3146669046537246,-0.3146477656396155,1.6007858624472209,0.447513495249152,1
15587,-0.4694564812856511,0.3713938387575685,-0.8725684462129185,0.9266499198811856,2
15589,-1.302843563658105,2.056243391427077,0.0457158122631448,-0.109854884330224,2
15592,-0.3033880815756078,-1.6665202917518154,1.3023414927787875,-0.4953453353096328,1
15593,-2.165289505593905,-1.3002602971861457,-0.077797092086957,-0.1204993163668725,1
15594,1.636127589515474,-0.5086212310990089,-0.4862155208900376,0.1995926549942693,0
15596,0.5358580086058673,1.866183695161843,-0.2131677831476756,-0.771774473567121,0
15597,-0.5720650382416882,-1.7680399937245876,1.003843089214294,-0.600333380253218,1
15598,-1.2479526966191128,-1.548111764155068,0.5193777595671666,-0.4270901856989096,1
15599,0.6747233658407252,-0.4216440117957605,0.8063708661437479,-0.6530416658324255,1
15601,3.2098307419229246,2.0377027760864936,-0.0317036159891023,-1.6499610237407354,0
15602,0.7432017419665881,1.2090519369847994,-1.438772236301613,-0.6166659163915765,0
15603,-3.531545971060207,-1.359356019729556,-0.795613428597134,-0.1818664300850136,2
15604,-1.278128615626666,-1.549805634112963,0.4117976445166569,-0.4962780897168354,1
15605,0.6998761826422606,1.2598397340130207,-0.9307282238453816,-0.5720683305612845,0
15606,1.2063002119915571,1.6777163584457806,-0.5706545117200006,-0.9702655048117133,0
15607,-2.5271251899025207,1.6833455811968994,0.8057129631790669,0.9466668312835818,2
15608,0.9085004743689064,-1.4086090596454288,-0.512885018321105,0.313653754492139,1
15609,-1.245248363704974,-0.1945842929379945,0.8906848450496182,0.561542837497275,2
15610,-2.562506226743874,-1.512537083893646,-0.5195791375585295,-0.4088825979131507,1
15611,0.7554590487435409,0.0705439330247525,-3.0244402796001744,1.1597933557703626,0
15612,-2.5184490125455072,-1.4542523797112394,-1.5636809866067027,-0.0663222926424139,1
15615,3.858495677002775,0.7502130117697426,-1.3029870688734408,0.4707748708176004,0
15618,0.2775956539310327,-1.2702882093689525,-1.010194444231148,0.4009378019670525,1
15619,-1.4281882018986771,-2.021921651299413,0.7371806687731232,-0.3764266964992859,1
15620,1.5014751434572238,0.9889519971472034,0.7099851923551292,-0.4879595492666536,0
15621,0.2656243381718294,-2.1312939287240904,-0.3781036148287595,0.3640806172734138,1
15622,2.261285502624145,0.9448011193689856,-0.351414678947594,-0.8033096802417629,0
15623,-1.1745799488596989,-0.5999359670990557,0.6915112257592464,0.2074052085434631,1
15624,-0.5747111034497854,0.5953215825771113,-0.788138263120659,-0.0439634041998509,2
15625,1.1024875200071291,-0.0835213394065261,0.3993136812173045,0.5015842632912356,0
15626,0.6118069265745637,0.5045983204557654,0.7532491456782734,-0.1419003764946751,0
15628,2.4597533192441667,-0.0078553989044911,-1.2557335248070367,1.0630898233780413,0
15630,1.1169403042728925,-0.3308437567181335,1.259404294951498,-0.4993417520810324,0
15632,2.390095991986083,0.0660785209312422,-0.4198931965688211,0.0153752715766424,0
15634,-1.3426627855421138,-1.848552813727943,0.1606585876258664,-0.7054727463484299,1
15636,-0.1411361588907123,0.3695314281625028,0.4121936820866227,0.0415676549877732,1
15637,-1.3789148455838227,-1.5180970831053284,0.320585982466643,-0.455464903193603,1
15639,-0.3812351883160223,-0.7665823456655997,1.4888140300969752,0.160955644810435,1
15640,4.224339027795071,1.0043840640260135,-0.0734580815334326,-0.1089655589122852,0
15641,1.594524799895428,1.469364166180628,0.896752133362728,-0.5462164474140337,0
15643,-0.8145629620517311,1.6228289594813488,0.1221505620224738,-0.4662261088749157,2
15644,0.276761767798768,1.3045808440368816,-0.120844929164432,-0.7182172223845378,0
15645,0.2921181310701225,-1.85457814117486,1.3264445240303315,-0.7737211972465801,1
15646,-0.5892053240925436,1.526231706505955,-0.3451021832309786,0.0424274386231454,2
15648,-0.8005938838765903,1.223072797082044,0.7424645499240636,-0.0418976837936107,2
15649,-1.7986917147120434,2.260985608492998,1.42659328760002,1.4775762285811502,2
15651,0.0712994598108449,-0.0787345272556304,-0.3810626117688827,-0.1166379377293314,1
15652,-0.7563375228833006,-1.1634857497673747,0.975649455767832,-0.1650587548209779,1
15653,-0.0293110696609965,-1.2466709728046776,1.5953557145656905,0.6346168101701648,1
15654,0.2098347946083867,-1.946273928164772,0.7884546040361032,-0.2520060855727469,1
15655,-0.3289999581765259,0.7704757974452222,2.1004188453271664,0.3679622463328221,2
15656,0.0831903267911339,0.4880350319394511,-0.95691061030502,-0.434585603196446,0
15657,-4.550874261377784,-1.7916597091436868,-2.049521478009249,-0.5946428841679658,2
15658,-0.5538025503941751,2.789063427925748,-0.4461725686415892,-0.8868508907985325,2
15659,-1.2386151247413968,-1.599229952228365,0.492449078001118,-0.395422823778723,1
15660,1.2058489592530008,0.9172013560074376,-1.5360007842121055,-0.0329586133396077,0
15661,-2.244502130457797,2.009894620899363,0.6770626379843573,0.9179372756445764,2
15663,-2.146872232477238,-0.9973609841423692,-0.0065747954074326,-0.0488477478488194,1
15664,-0.7537745207840472,-1.5417433129409022,0.8512779731966906,-0.3901914712267881,1
15665,1.8380566090470432,0.3787176105436418,2.491113745551941,0.2412950999462137,0
15667,-0.8900573995812374,-1.729355264702887,0.9185858663861668,-0.4656475617616959,1
15668,-3.743805870526825,0.4827221443855118,-0.0895861822459083,0.4406503186497502,2
15669,-0.0170074443136909,-0.0797539530827578,-1.1848166273569058,0.1548486255131107,1
15670,-2.3461745568328887,1.3884671243150335,0.640975660600888,0.7662445978590308,2
15671,1.81508937125094,0.1789026088714533,-0.2628357270110103,-0.1417219157437895,0
15673,2.062446858635981,0.8273230657147121,0.9103886902410934,-0.0531786980177853,0
15674,1.4937311322750444,1.0500620901477158,0.6993780211381052,-1.177230349617526,0
15675,-0.7301121420040217,0.1741611100357842,-0.7062220872297718,0.0843533418396925,2
15676,2.9953246131940734,-0.0603358212046786,1.554629876257167,-0.2696161963845021,0
15677,0.2453478157898823,-1.599800118312211,1.6183897324295755,-0.4462151247791531,1
15678,-0.8985729521718259,-1.563355116810306,0.9147408527979148,-0.3206010076147629,1
15679,1.075212478541349,-1.110229709156782,-0.6205677562965806,0.2505837338698995,0
15680,1.5166864154754518,0.3873130198939528,0.2844117250311021,-0.0683475461091868,0
15681,1.0456320685863576,-0.2475550227992864,-0.6914516038268945,0.5198632126454877,0
15683,-1.7397783997069558,-0.8972885961102348,0.3938991826672727,0.0768953406853175,1
15687,2.142402574581645,0.6736891507019376,-1.0072124473905706,-0.2458850073698025,0
15689,-1.8599260949343703,1.037553556690706,-1.0377944427319703,0.3652004153945693,2
15690,-0.8777956665310502,-1.5400662512429824,-0.4807144550725864,-0.4246540065686398,1
15691,-3.1204590168164503,0.8683545571028431,0.3850010451492855,0.7159205807680411,2
15692,-1.5285532866093166,-1.7981521163375542,0.2164891655429807,-0.6255544938822355,1
15694,2.2885743862944232,1.627401045815006,-0.7823838138766067,-0.738469415160929,0
15695,-1.417056854338301,1.486101670558,0.5930829977906229,0.2093443139447304,2
15696,1.637912558405083,1.7606314319450258,-0.4269357383015813,-1.6488355743470178,0
15699,-1.010853495124663,-1.8382033515564096,0.4095828503677466,-0.6900965271203428,1
15700,0.182606302021949,-0.2568810222784457,0.5690465336557837,0.4928615776841556,1
15701,1.8061782191504283,-1.5325241390968545,-0.3039323439014993,-0.0430370002390622,0
15703,-2.523047804830894,1.0644762457023718,0.6220374902027567,0.7422107856222712,2
15704,1.3572685415563737,0.4326358870785851,0.911577481516369,0.0060650144956962,0
15705,-2.742816748540464,0.4204237200526189,0.1370181961754537,0.1554531821141229,2
15706,0.3970162162787489,-1.189520863962252,-0.8744488788570712,0.5234294384832529,1
15707,0.8859021695879077,-1.5184371208372185,-0.772795376266682,0.070002731133706,1
15708,1.9763843620809904,1.7574910686775518,-0.0420002271328869,-1.142272257881517,0
15709,-2.680690211207521,1.1765370936987012,0.6497767426442701,0.7567273523147511,2
15712,0.7312135875749032,-0.1992981938421929,-1.3117076311981988,0.3458746636933233,0
15713,-1.1143919655000014,1.141809443843082,-0.4404958322946707,0.3905004667787877,2
15714,-0.7409265737327955,-1.4964983749811152,-0.7103746731401227,-0.4948396612096321,1
15716,0.7011532797647775,1.7913906801548622,0.1489843874062303,-0.408836717237072,0
15717,-2.6546903763363336,0.7494288905691788,0.2997332264399339,0.3800858459113395,2
15719,2.9161054952647305,1.3729572086863344,-0.7045516421653082,-0.8346955809078394,0
15720,0.643610326900002,-1.7618298836747257,1.2766527367940683,-0.9496605056088636,1
15721,0.3989436033201997,-1.9590274078543712,1.3112504861277006,-0.9822800528268476,1
15722,1.5020707137796974,0.2728649747642558,-0.0219183110997291,0.0211545202430882,0
15723,-2.055320997715764,2.172530016175468,0.6072777471430088,1.0506969803017563,2
15724,-2.423414307718923,1.3802727484818835,-0.6983272069837361,-0.0683510719627902,2
15725,-0.2733493506896073,-1.913140463651779,0.9753649524872088,-0.7811948438308501,1
15727,3.1540079038487603,1.111078676385324,0.5474542543814961,-0.7331333112575179,0
15729,-3.594610014391214,0.6176810077529334,-0.692968565567291,0.1805401637162233,2
15730,0.8903810901308524,-0.2424281081477085,0.3314794346082048,-0.1814096681172461,0
15732,-1.5944230403670077,1.8138101506010451,0.0844489403408131,0.2024018353046646,2
15733,-2.5923297093700706,1.2831417725752186,0.3517906812526808,0.688378381093507,2
15734,0.3911574302852677,0.0087645229838337,1.1702783627691506,0.0615122365340038,1
15737,0.8579221426835081,-0.4316469118223483,-2.0737577307639308,0.4635334112301162,0
15738,2.1762039916707026,1.685052453487892,-0.878041797966818,-0.7392157739743392,0
15739,-0.4669228123463224,-1.5661766271058022,1.7357609367390163,-0.0970325876001124,1
15740,-1.8119229889750148,-1.6186136950606205,0.1828913337706804,-0.4516878956592862,1
15743,0.2496939263513896,-0.9476480520021952,-1.620156468443073,0.3300483916616471,1
15744,-3.632422412200492,-1.3902130065402205,-0.9460758215989494,-0.3182338016954812,2
15745,0.7352022022742357,-0.3113316395858057,-0.7940951539555233,-0.0593185591599296,0
15746,-1.274507807633987,-0.7062821528640011,0.5215166260741205,-0.0123592052687048,1
15747,0.7331423777431146,-1.0464446238800955,-0.3446499974222125,0.0851468549814149,1
15748,-2.036022250954601,-1.5306873384659625,-0.6284772045383344,-0.6844791820121869,1
15749,4.024896467668307,1.574569016634879,6.235992332313057,1.0564328558205625,0
15750,2.4781873044033538,0.5957160336330518,-0.9768279768746128,-0.0586004805008333,0
15752,2.489368460719064,0.9306415632794895,-0.4054184462951042,-0.1448148563862075,0
15753,-3.580047925719093,1.279285540641485,0.530079493929444,1.0926804636408831,2
15754,-0.6837969533199383,-0.0040182432093787,-1.096840193681768,-0.1134767794695286,1
15755,2.151105635150506,0.0787441982518532,-0.4201048651885,-0.0455390046109806,0
15756,-0.0094995244565979,0.4618496014013354,-1.47169512807755,-0.772610493072308,0
15757,0.3173507535099992,-0.1324895208422976,0.6536560191977416,-0.3966520405557519,1
15758,-1.9726019925237277,-1.7058770918668098,-0.3495723841697998,-0.5713851271332541,1
15759,-2.823100446876877,2.226040959593739,-1.2856846147986418,0.0306654166190076,2
15762,-0.2322070389903841,-1.287856314133212,0.0771758485880397,-0.1285236583171025,1
15763,0.6251486222114682,-1.3920169931063868,0.4484889565952917,-0.2757223092544288,1
15764,2.535707694183932,-0.1176888447614666,0.1068791546186328,0.93825558664915,0
15766,-1.0793299983173563,-1.4495288736823986,0.8104518260947408,-0.2426337797368544,1
15768,-0.6989356963363602,0.5438945737852371,-0.2885007748086096,-0.3441535833622677,2
15769,5.127469102955606,1.1925344188420717,1.2722703128460542,0.342185661864177,0
15773,-0.1435486774135468,-2.1003787119416746,1.6107102186426163,-0.5189363022736961,1
15774,-1.1998048599879707,-1.2726665836721025,0.2187236726492209,-0.4066176020670076,1
15775,-3.0092536184400136,0.8545212711642257,0.027391804271547,0.3919327070798388,2
15776,-1.342286393599264,-0.703037675619467,0.5699996395066971,0.1160866071661775,1
15777,-0.6543184603408259,2.5438311000235254,0.4179181133050398,-0.1544481279084759,2
15780,-0.962511030492326,1.617219389746143,-0.514059551268038,0.2251821890895734,2
15781,-0.8886454098921466,0.2184753377340316,-1.5164895078786145,-0.1337608362078032,2
15782,1.643267632811242,-1.619770601749084,0.9558917651569788,0.1732564008485657,1
15783,-1.0501729650784832,-2.0097192409039195,0.621706518476075,-0.7358991222991849,1
15785,1.83324472607916,0.2410827411382709,0.2509667078995203,-0.0328551751755188,0
15786,3.4156202225789,-1.355210737980867,2.1368500733497786,0.0872790500707905,0
15787,0.9861130784475948,-1.5923738985413325,-0.20541484192871,-0.3431828845016631,1
15789,-0.9303907363851704,1.8687794371589064,2.1841216237660683,1.1975399028049327,2
15790,-1.0883793508878417,-1.8935061939295053,0.0591363718004029,-0.9548607100153732,1
15791,1.4166380477868492,-0.3121813988147542,1.4258206815694263,-0.4786753863204492,0
15793,0.0558907847899081,-0.21645806512478,0.0818329980764932,0.1760273687216144,1
15795,0.3376436230587898,-0.6392094883096839,2.1016808982837296,0.235668032629917,1
15796,1.6529515770328558,0.646281310291527,-0.940943074886598,-0.5345911146526304,0
15797,0.5317283301855035,1.208184615955968,1.0044775424403778,-0.0130155825964716,0
15799,1.061143856233619,0.5070301411973053,0.1827126631248417,0.0335587584775156,0
15800,0.4220088893043143,0.3208510554703603,0.3924278536512812,-0.3416950217791482,0
15801,0.7945580644618898,-1.2804319540575948,0.0383864852527848,0.1042579731305087,1
15802,-3.2849892784881534,-0.172939092201474,-1.2519791774237492,0.8327161549555991,2
15803,-0.7037077348016182,-1.6585122808804709,1.351707823460901,-0.2220948688411286,1
15804,3.250491510357496,-2.034542949787746,-1.9881643522560115,2.3275125456904924,0
15805,3.490012877816058,-0.054852685995477,-1.8960723349551956,1.5979654467367777,0
15806,0.290125754005927,0.0230411004764137,-0.0719997618910908,0.028521173900689,1
15807,0.3930562335824172,-1.436770449074494,-0.1775161708110795,0.0736540821244914,1
15808,1.5336333515077123,2.870575637866525,2.119960892353404,-0.0103701438437007,0
15809,-0.5529691374331231,0.8393358567121241,-1.6505829295606649,-0.74245972258884,2
15810,1.0551344418944255,0.6334681449026199,0.1336122696471001,-0.189581206761689,0
15811,1.7363104765374784,1.3771376508044444,-0.2690278675880774,-1.0028165296319804,0
15812,0.8848814567860773,1.1388107457506191,0.1856438797935339,-0.1305480314153731,0
15813,0.3956058702336287,1.006617415820258,1.8972686037040751,-0.065058903322143,0
15814,1.6208276359799183,-1.9150951634974027,0.3264198534631841,0.1971773062239062,1
15815,1.3156477390063912,0.5256113800936331,0.6676826638788033,-0.4368737044885044,0
15819,1.7172605770950835,0.3595516774479388,0.5385632655095729,-0.4135985834130412,0
15820,-1.967346727027348,1.6029593190573488,0.9957369133333216,0.8980582682976644,2
15821,-0.140272804255012,-1.4203754337178909,-0.164181862896062,-0.3722572034857604,1
15822,0.628146652045937,0.4253661381033647,0.3170423686981071,-0.2753014879810267,0
15823,-6.839077969773584,2.4615069897317667,-3.179681419679974,1.2886027180936364,2
15825,-0.4653152155323737,-0.3378567743006805,1.5318619306652674,0.5370630375662192,1
15826,1.3888298890345132,-0.2978669079707125,0.8037068034794286,-0.1360515905294826,0
15827,0.7368104776559639,2.4168315944832157,-1.7545319381701443,-1.31991386200735,0
15829,0.4328936828708747,-0.9321387890495738,0.9870908899574588,0.165345328000593,1
15830,0.3056012266128859,-1.7393103519476116,1.6352099343538364,-0.591285860339457,1
15831,0.9097895902572334,0.3272195336025185,0.1766068373934408,-0.0151328354030828,0
15832,0.3270305915085815,0.8740722428493374,2.603276980733843,0.4255565499967678,2
15834,2.001649165195704,0.5535554583863374,0.4217578149475046,-0.4788717181261611,0
15835,0.4737601846706333,0.7328748181704379,-0.6862846282065493,-0.2934143525582149,0
15836,-2.5674376641087755,-1.3842732241976257,-0.9676390392262112,-0.4833413234577289,1
15837,-0.5693437977761763,-1.4035017134079553,0.9671891067717618,-0.3576897728862453,1
15838,5.160268643897073,0.1211159448006395,0.6279779874798155,1.6034347105777376,0
15839,0.9053649943088607,-1.143949861719889,0.0471145805635496,0.1363641136536229,1
15840,-0.4854818908861821,-0.8503737920896577,-0.1368184675897761,0.0318116359853748,1
15841,0.8276152642053112,0.8005109499036631,0.0787680418270763,-0.019602840436931,0
15843,-3.299818488630985,1.5795070417966888,-0.3148808886704564,0.831757089170583,2
15844,-1.9424800159185671,-1.6271834177328248,-0.0491580884201328,-0.5476013421168074,1
15845,2.5074078250966343,0.4432704593336688,-0.441369991679923,0.2096406536316688,0
15847,-0.3339404961478954,0.1066071042400017,0.0184312123302776,-0.359939792771094,1
15850,-0.4253419172617456,-0.960212234998165,-0.8791490812160513,-0.5334297111482239,1
15852,-2.559406971407899,0.4854447098603295,-1.390076362961863,0.0497631164196903,2
15853,-1.7602966463284333,-1.518118481281064,-0.2579285913445272,-0.7411225277535975,1
15854,1.844843131248973,1.2065814175580598,-1.720881098897299,-0.4956840804650597,0
15855,-0.204098161928443,1.0440332530749,-0.8216232078236596,-0.3820421763473394,2
15856,5.220811035976435,-0.83398564170577,-1.7740607098488743,2.7810495222044107,0
15857,-0.7467068929279015,-1.970751564180698,1.007990022316521,-0.640997340080878,1
15858,1.74109604558458,0.6646392456634538,-0.5688230003980091,-0.2599683971021712,0
15860,0.70886032409875,0.8825597693976729,-2.3459950573702253,0.1243156498688457,0
15861,2.9833992716010065,-0.3600645338333931,-0.6761941581855211,0.3010995642846581,0
15862,1.028877404805488,0.8486020191033684,-0.9081750734304288,-0.6584584829440614,0
15863,-3.265219208899207,-0.1648041591367828,-3.064970209109724,-0.9168280706646325,2
15864,1.2821998079359236,-0.2540242912270984,-0.6616419512784225,1.0699065566725694,0
15865,0.3032705469008408,-0.2726578992510577,-0.247376986609509,-0.2042141763173197,1
15866,-1.1418031515703209,-0.9688062086661008,0.2498076982711951,-0.3359491169234911,1
15867,2.496573552745211,1.9297481884040464,-1.294752656794727,-1.5718174950613122,0
15869,-2.605421636051231,1.5536716611899108,-0.2254203722126736,0.1993946372775436,2
15870,-0.0211478134375301,-1.7441281604685648,1.0508884935562612,-0.8470794622494305,1
15872,-0.4756139510898922,-1.787384821348764,-0.7648202982993305,-0.8678865610790261,1
15874,2.317580238143952,1.2681738528065896,0.8365704444420318,-1.128567772631268,0
15877,0.2981988980916012,-1.8890581721022337,-0.085647924732399,-0.8875645705894325,1
15880,-0.8271890550515815,2.1540139745938154,1.5493915639876636,0.9755612145745648,2
15881,-1.700466786684291,3.2147972214947638,-0.4979642728474319,-0.3163564695394434,2
15882,-1.2002260097646549,2.4341763658271915,-0.4883253811414292,-0.5476639132950412,2
15883,-0.458608485198478,-1.806357165945786,-0.457818039700179,-0.6579906190851359,1
15885,-1.2220999382082995,0.5898691713647554,-1.5004614448575224,0.2698938937990544,2
15886,-1.603587069516888,-1.4828007227025932,0.277811299946903,-0.3981914067426674,1
15888,-1.9894140247319796,-1.1927390606452275,-0.1231780131450047,-0.2361401163868553,1
15889,-0.34829220469779,1.269234487042582,-0.2354769255595767,0.1780953091142726,2
15891,-0.0818049690092671,0.6055030888656786,2.0915809442014237,0.105362413288512,1
15894,-1.592965842481709,2.061266131488215,-0.1403623123826221,0.1728648842723112,2
15895,-1.9603351277288072,-0.5172520423924586,0.1917932976054981,0.2886038358913232,2
15897,-1.985316741400304,0.7045905477055061,-0.0196021684001928,-0.4106356765554511,2
15898,0.939488024185234,1.4696337213996222,-0.5862875684358597,-1.3576873258897788,0
15899,-4.15638029082459,2.13805872614937,-0.4797239609034024,1.3008726941361948,2
15900,-0.3713956638084829,-1.8065917982361364,0.7854621228167622,-0.8246037427516807,1
15901,-0.0383424776682834,-1.0965952892996131,-1.269237995260185,-0.2761923884995552,1
15903,2.702215479842133,-0.1593965108064953,0.203988598814256,0.6104872984643911,0
15904,-1.5031080156209986,-1.8914842917726025,-0.329119470143208,-0.9969648785069808,1
15906,1.1497098391712768,0.2649704181708933,-1.4137506153252837,-0.4437811430817222,0
15907,1.0624355938089889,-0.40083702906938,-0.3811915898649959,-0.7541306845970968,0
15909,-2.069808771289212,-0.3006893642921427,0.361786638256025,0.571539772353664,2
15910,1.4283083756957708,0.7548122169804071,-1.5919480732123477,-0.9064827327537226,0
15912,-1.5669337924817466,0.4920623727471462,-0.2680692308769275,0.2069852519955569,2
15916,1.1784402655462016,1.5208902310922974,-1.3625699058400027,-1.1472188500543092,0
15917,-2.8752096500718776,0.9785766319785392,-0.181305684465191,0.3378588801949049,2
15918,-1.356139642268158,1.2361151577664309,-0.0565320024399742,-0.3048722537753188,2
15919,0.5989484867221547,0.6140636891552148,-0.1642785125559455,-0.5536014757832003,0
15920,-1.9193145042818,-0.4802824235869806,-2.7473751357043725,0.7089091944434445,2
15921,-0.9779521277407416,-0.2928558056580213,0.9428597884694256,0.4082410637964746,1
15922,-1.6452185277436286,2.1243201599568997,1.6401496890631413,1.4965383868513749,2
15923,-2.439116548220314,2.1450399132597107,0.6758678995709703,1.1521346523740987,2
15925,-2.010015836381958,0.3450511150442227,0.5847841094620635,0.035188456923909,2
15930,-0.6624023548904815,-1.3491866455275272,0.8657396726004964,-0.2964858993627594,1
15932,2.043647500362116,0.4716421224017092,-0.4096298879557635,-0.6301774942536144,0
15933,1.057224305946365,-1.575736514903312,0.2781128766251404,-0.0779763070811797,1
15935,-1.800955145462215,1.263438537732127,0.2410360961333809,0.1411958951889289,2
15937,-2.260853644556295,-1.3882583509057969,-0.2515859742492687,-0.2999670684032781,1
15938,-1.4978417993107942,1.6706234942850924,-1.4536245800901462,-0.7512641738648135,2
15939,2.0866686483442445,1.8558037263043248,0.1509659711842398,-0.5934828379427174,0
15940,-5.621746326566427,1.7488049019565532,-2.101130988085413,0.9954308690476208,2
15942,-0.9247025607409868,-0.7633158085184025,1.168576911602192,0.2403057984610937,1
15944,-2.201135922970417,1.2426013738831525,0.7975663918181194,0.8818372966537572,2
15945,-3.172265601858241,2.0646677257135666,0.6359510031005098,1.6121178081373717,2
15947,1.4214076498888557,-1.3667203567385402,3.0673084926897314,0.0188008080132572,1
15948,0.7736155360455245,-1.7987457723530325,0.7703622984002994,-0.4758228784958362,1
15949,-0.8757337153226334,-1.6242041506590013,-0.2482328001198278,-0.2436229233478265,1
15950,1.6467471204187838,0.4327899936663983,-0.2685085635742006,0.2825210879383679,0
15951,0.3284873233158791,0.0596226302840755,0.1210949276227908,-0.5041452903335933,1
15952,0.3890899264419079,-0.3023813587605639,-1.0493355954005037,-0.1001537178480177,0
15953,1.2296029792596248,1.0705838332511353,-1.327670690177304,-0.3856738086143841,0
15955,3.0802812665937296,-0.2722984745437458,-2.017254642722257,1.999007639095296,0
15957,-0.2088603710789513,-1.720959815931343,0.9837343238078484,-0.6970381194486226,1
15958,-2.8820217670027755,-1.1966305487709177,-0.9575117006627516,-0.2875752896271522,1
15963,-0.3983313319213394,-1.7175434965510037,-0.0572067547708642,-0.4002287597362102,1
15965,0.8116675198968605,0.4511886475201983,-1.2277979805708064,0.0658319757212995,0
15967,-0.1022235156267008,0.3896285248925935,-0.6495331536344364,-0.625123052254037,1
15969,-0.3947740106775018,-0.9120677136759096,-1.357895151538112,0.205399113393146,1
15970,-1.7506157657655346,1.4411308706063453,1.270474817063407,0.952071094186417,2
15971,1.7300222254076192,-0.0440595931471819,-1.1467017158552864,1.2159614552336648,0
15973,-2.2282039952270454,2.040246792238189,1.4215965485398032,1.6137327408151585,2
15974,2.4927311291010312,0.3992269542658541,0.0482442065067493,-0.1690539660397651,0
15975,-0.5516259747603164,-1.2441785171193347,1.1143708207526697,-0.2279616082007761,1
15976,-0.4252637797048741,0.4078910788441632,0.1610805150229303,-0.1196970222111183,1
15977,1.0369830145708274,-1.863540741482304,1.2414975781326612,-0.4091337234972279,1
15978,1.212766382977871,-1.4088848257772233,2.651168157698463,-0.2271716599917129,1
15980,1.7069859026579617,0.0171618436138799,1.486594752592674,0.3064757066482723,0
15981,2.0047468398005743,0.6951471504610245,-0.2003004667166732,-0.2854038416565465,0
15983,1.326316394080581,1.2465522697853442,0.0898722561381276,-0.9450506583259596,0
15984,2.386553031718281,1.109243668261416,-1.1007715915923038,-0.6477532913383086,0
15985,0.7722102468059443,0.11587800896769,1.7009215337811638,0.1183376072289992,0
15986,-1.3359508774399331,-1.857599578489912,0.5060464678836638,-0.669973489516211,1
15987,1.5008914472888506,1.1599448203205591,-0.8220800662698882,-0.8382826069727072,0
15988,-1.3198910780828377,-1.8860546828822684,0.1273291633819274,-0.8961931810606949,1
15990,0.59736616023806,0.1981819153643193,0.492338984051517,-0.3793249699797595,0
15992,-4.094558111584865,-1.8924306916798053,-2.1066008580879387,-0.8264186702013243,1
15993,2.7439348905435432,-2.3088659499707704,-0.6825092631712594,0.6680701540455912,0
15994,-0.4462498132170053,-1.477695654293608,0.9102593219865752,-0.4764156387128491,1
15996,0.5346442272913091,1.367248940140504,-1.459767099278653,-0.1832215713688458,0
15998,2.936766288560571,0.7330399462627655,0.339802644002954,-0.2221970923905366,0
16000,3.2015997850820663,-2.40432099294288,3.457897579461056,0.5267244211025983,0
16003,2.218714040662627,0.2630267363002148,-0.1450349805765039,0.6428880620305611,0
16005,0.4707555086045192,-0.0414981325060421,-1.7154073768268434,-0.3882443751223799,0
16006,-2.8603616653694965,0.4885625520563336,0.0461591649196711,0.1052826899012287,2
16007,1.981236995767307,-0.3668967330731154,0.2407938571053448,-0.1747015233309057,0
16008,-0.3665275005211424,-0.4143417293097942,-0.8289698773304942,-0.3817601997376758,1
16009,0.6628200113332724,-1.1192506434659095,-1.089256145840752,0.3167362941267904,1
16010,-1.168653862887949,2.3769351243269514,-0.399184152012393,-0.2589440394659907,2
16011,2.4117116425947214,0.4687326960882117,-2.117000965006916,0.7241896939820828,0
16012,1.4087883472006104,-1.0820358688314142,0.3327135943906462,0.123006155284854,0
16013,4.575093221020394,0.929152581667835,-0.9533134147701976,1.0493446260877717,0
16014,0.4189194889745973,0.2652935311231746,-0.9451403462932608,-0.3769477591145998,0
16015,0.9611281645366142,-1.837319964013845,-0.1539970483612204,-0.5265946440582874,1
16016,1.3298554072817683,1.1054238883286067,-1.790164111907755,-0.6771263226128917,0
16017,-1.3121525289498128,-1.520992849562295,0.0755575024422405,-0.6272412595979078,1
16018,-0.5760914593559788,-0.7997391355307113,-0.5444639632716762,-0.0272181436798916,1
16019,2.1684575495017224,1.830508401413245,-0.174266897385622,-1.1317291152234945,0
16020,0.4191975444173675,-1.675448288605474,-0.2286971077521653,-0.1080027493101211,1
16022,-0.1330055583739384,1.0155569462835077,1.9739064213566195,0.3568274023421865,2
16023,0.3352425272839713,0.5041491703331651,-0.3684355225402716,-0.8924885983687123,0
16024,-0.2646577189219118,-1.9957070161423651,0.8653129321426338,-1.045677281879471,1
16025,-0.1269729767651414,-1.820970284456531,1.3199719163035788,-0.6307947902265424,1
16026,-0.8180724782442838,-1.6607840781668353,0.65838025885121,-0.6697299328908338,1
16027,-0.0215263121921861,0.7500649405075384,-0.5512439321652044,0.1597933927303846,0
16029,5.742565505648121,0.7558629999974237,-0.496085684524664,1.869247376948908,0
16030,-1.03779608027057,1.4418851130837735,1.7662671601835918,0.8058985168145757,2
16031,0.2507670031561985,0.2041464001599539,0.3254206334089656,-0.4138048092672882,1
16033,3.654920084852024,1.8593394637656635,-1.050712824842892,-1.2627276656306898,0
16034,-1.3359776612603596,1.895057969448649,-0.2054199817355917,-0.2963123725282269,2
16036,0.6077549544026627,0.1875123645878094,0.91441216570433,-0.230711943526237,0
16037,-0.4313779871536233,2.3561731615656125,0.7905661180944986,0.1207899782092967,2
16038,-0.5131759282084166,-0.4771193482986586,-1.037609665336818,-0.4328745491586419,1
16040,1.054145406321254,0.1075919800854348,0.3869753085649934,0.0212843530784859,0
16041,1.4682233215652212,-1.3933865007795252,1.645489170653318,0.79555755114473,1
16042,1.1858856021658344,0.0902144567343838,-1.0504723939668186,0.4168163774697728,0
16043,0.0409642002834903,0.9834032741422064,-0.5195920365457574,-0.893039520451919,0
16045,0.9336426755084436,0.7696861470403233,0.2650762757524371,-0.0149458370041851,0
16048,-2.50944369929862,2.542676795487223,0.3137271579660411,1.1182199665487824,2
16049,1.402274542472802,-1.464531799255452,0.0980453388544925,-0.3161916125546476,1
16050,-1.845813396570876,-0.4240446211313782,0.6994113163618085,0.4320227396866608,2
16052,-0.3434551231929476,-1.5487023165137035,1.0886031285182518,-0.531982815553754,1
16053,1.8426954206406576,-1.3450456842084213,1.7569113044374614,-0.1881843489677676,0
16054,0.5935459517938846,-0.5991059680187331,1.9762881086698356,0.1363766903902255,1
16055,-3.1312091155314503,0.7655148202799313,-0.505293887481431,0.2394191621960876,2
16056,0.5241017643667053,-1.6108645173392169,1.5774787424210042,-0.6305919870685702,1
16057,1.7022065958688437,0.3713327066769476,-0.9002679386447423,-0.3195643953431503,0
16059,1.1894894406183678,1.2383950872095526,-0.9790496071963204,-0.2732790148646676,0
16062,1.04850031216947,0.7142472383141888,-0.3396830524107076,-0.3736095613870784,0
16063,-1.0469652219126846,0.933283460945942,1.6483637585589734,0.4791682680633155,2
16065,-0.7800942416806237,2.084222679733314,1.7298833950895165,1.0315158329412972,2
16066,1.4261563504693102,-1.5562422901813493,-0.6873903409613027,0.5414461922476909,0
16070,0.359881994936261,-1.8096717121618269,0.6614903313958391,-0.3489611377709377,1
16071,-0.7709019392354188,-1.6131268946385584,0.7687437239727977,-0.5135190080093598,1
16072,-0.8301379867401857,1.313292628808916,1.7583646074266024,0.7983120873340998,2
16073,-3.5992955536802502,1.349301149848022,0.1922353007847655,1.121383683120552,2
16076,2.019776940845552,-1.474515569735626,-1.9191659713263285,1.5701956584133028,0
16078,-4.387267542426292,1.340416027473255,-0.8096249323149994,0.9435566359188396,2
16079,0.7293965232321344,-1.9278899048317684,0.5942086117021994,0.1087913106200812,1
16080,-1.772723317355323,0.3165032763490579,-0.9438787003711596,-0.1056370551304417,2
16081,2.3989544239654106,0.8393876345800102,0.2072079781279258,0.0378928132632218,0
16083,1.087314024659602,0.7688381024158095,1.4676456628223826,0.2932061633488829,0
16084,-0.7655927865113176,1.3899218502665611,1.7628955861627018,0.7123027647628899,2
16085,1.0218380468526085,0.4851267701763815,-1.1233394245795378,-0.3603279068257199,0
16086,0.285287417983236,1.2515014445838852,-0.7136838761388036,-0.2747999774427188,0
16091,-1.517708261644819,0.2135155953520834,-0.2583481304175096,0.0826421084729634,2
16092,0.1288599207067748,0.616549001282691,0.4034860390186118,-0.3398728205126682,0
16093,-5.249715418490602,-0.932076584122154,-2.4077040300283614,-0.0760295226627929,2
16094,0.8241340477659717,-0.5052368628268729,-0.5312074850776937,-0.1000732295913561,0
16096,-1.5256689469807627,1.003460804098017,1.3710718072093464,0.6396343664000338,2
16097,-2.273537136241322,0.8075166016672062,0.56847245646181,0.3930521113361273,2
16098,0.9438745655414026,1.1734645162540782,-0.9525232140312098,0.4885267868996442,0
16099,0.0863947718779885,-0.2045492458941318,-0.2645467329477105,-0.1174465026472439,1
16101,1.4663261765881153,-1.419424879841254,2.621484935243545,-0.3367076557301574,1
16102,1.3832701994516123,-1.2647196898252002,0.7725805946078801,0.3168715999223507,1
16103,0.7296062554431103,-0.2660857466824742,-1.155527666378098,0.0264375973000414,0
16104,-0.9291939057144242,-1.377425084018802,0.470235602793041,-0.4654579247193458,1
16105,-1.1340343662920362,0.7606515605325714,1.8266115319145997,0.5186600012857832,2
16106,-2.574046649926854,-1.3858781550218924,-0.4514720505327488,-0.312314054969284,1
16107,1.7168420355750345,-1.5656767495360804,-0.7302615741173232,1.7241949618151808,0
16108,0.8063689401632155,-1.2895140098390885,2.2412828900968806,-0.2140200490450612,1
16109,-0.5122877242447402,1.385392341701716,1.3505567086287846,0.1701314156003194,2
16110,1.6449818909651712,0.7558559869400405,0.3406551991541607,-0.936809488545427,0
16112,-1.544962367816848,1.0663029498285663,-1.3115549995447418,0.178159164909234,2
16113,-1.5130005732773724,-0.2090910119650613,0.4530007619542273,0.298327476203907,2
16114,-2.65389056708936,-0.2303332369029014,-0.4151622561234613,0.4578334404677837,2
16115,1.6846415651859377,0.2468082061313269,-1.4917906464355069,-0.2089976614991164,0
16116,-0.3029935488499979,0.4923620533302813,1.945487670070964,0.1556851705799354,1
16117,-1.4483736538503127,0.3162539504294114,0.7731494001801392,-0.1686096419676601,2
16119,-0.723603226939714,-1.6177951499398169,-0.281412858340387,-0.2885734567458345,1
16120,0.6834824631030744,-1.7005001773030497,0.0163581995737211,0.551542201936107,1
16121,1.068686253057642,-0.1188176719942876,0.7169205386989209,-0.718472086605696,0
16122,0.2897988338489512,0.9043892084719628,-0.2642132931689127,-0.0009462320436924,0
16123,-0.9527017954816552,-1.5515870979518995,0.7308954253862515,-0.4147330862211517,1
16124,-2.3240682316685497,1.6778730263894996,0.5901561674992115,1.0061886513011535,2
16125,-1.842906854743376,2.079033684440558,1.3578532972984425,1.369748515560735,2
16126,3.0144009701120167,-0.0702980463664335,1.4932764784219772,0.4659388019596069,0
16127,0.3340232279658524,-1.6919741923810672,1.584545481962117,-0.5629967081248607,1
16128,1.709984246189593,-0.2273227233167638,-0.4794007765921507,0.3531527890541122,0
16131,2.0988696401008675,-0.1235253970974572,0.3220407008211126,0.3135857745398287,0
16133,4.8140609683167375,-1.0066486116048337,-2.280996167563778,2.705983054513278,0
16134,0.3100563676189621,0.5103010075672405,0.0742941965460338,-0.2888540499150824,0
16135,-0.7767890051088415,0.9998811302512872,1.864040341038524,0.6068093940135738,2
16136,0.1711401577102854,0.1482913894178454,-0.3328009705996313,0.0031354827719577,0
16139,-0.1362378269942641,-0.4275058157903207,-0.6010028519043906,-0.315973249015597,1
16140,0.5851390849397959,0.686573687162779,0.7418239139506408,0.0096077831015315,0
16141,-0.018078582968842,-1.1735392757848,1.4857259319411975,-0.1457178354057321,1
16142,-0.2485400356615071,0.8113210382412486,2.229424722992065,0.391616938363742,2
16143,1.656272576090603,1.3136343461650204,-0.3126867145685928,-0.9762408058346728,0
16144,-3.609449146138113,0.9873577387802116,-0.272685933703006,0.8229263294065743,2
16145,2.84969406869462,0.4360266677087606,-0.9467452243829162,0.4106128672829799,0
16146,-0.399231362799492,0.6982325585955959,0.2900402377450037,-0.112778178341176,2
16147,-0.647689597089157,-0.7426598934343814,1.240058699553386,0.1647336375069928,1
16148,-3.868253830757218,1.2746909918738056,0.0681295727612205,1.020820954209992,2
16149,-0.8117631856961931,-1.2609427411259173,-0.5718686279535689,-0.2852499394380802,1
16150,1.7878994990590165,0.8081259778849872,-0.2188591813062171,0.0672821785037681,0
16152,0.9188138082195948,0.9720265425599596,3.500425169707193,0.8257114711534617,0
16153,1.590035353194744,0.7247216925661663,-0.2349365797180285,0.0770100270579447,0
16156,2.2365774018548894,0.1572358071168824,-1.1717286047360962,0.3310549332261819,0
16157,-0.3773717567121917,-1.66813946447629,-0.5186894098483508,0.1237317493053696,1
16159,-1.2623254293153487,1.1434635171263927,1.7092318775453537,0.7561420063753095,2
16160,0.6727106728510208,-1.4496848716044868,1.4895257604155288,0.1300988749317013,1
16161,2.974856893829177,1.5989432541058286,-1.5429242571300137,-0.933407110303722,0
16162,-5.338853252396358,1.1747837941744323,-2.2306324728432614,0.473832709621558,2
16163,-1.0467157116108472,1.8558890541422812,1.0090501728970578,0.6911092432511157,2
16164,0.1541998203081105,-1.8140939895595087,-0.2521753078915004,-0.0667855305727844,1
16168,2.465500364883567,-0.2846134360466907,-3.550050009269992,2.325623411005373,0
16169,1.681419338333341,-1.8098266343088247,0.2274017096081907,0.1664483512110157,0
16170,1.7789429449917349,-0.059156051026055,-0.2525495430762869,0.0590439853624872,0
16171,-3.5550372335882106,-1.3603520461466534,-1.372374637770431,-0.3112187090234197,2
16172,0.7461064596115993,-0.1363548298824188,-0.6590188558090911,0.6503797930845121,0
16173,1.1047636955697273,-1.7805554252221785,-1.4442819267147349,0.7654823663715891,1
16174,0.2016517979790088,-0.7731108435707005,0.408284817268729,0.8583728921661791,1
16175,0.3407697414208102,0.3992256095985386,-0.2210584839701896,-0.2094843971867681,0
16177,-1.1295328915248577,-1.499396564442301,0.4425104117627553,-0.3992802210222282,1
16178,-1.9572225174658928,-0.6531441080035248,0.2751073756673033,0.2834133798329183,1
16179,-1.6290802515227778,-1.422151353750836,0.1868303828540449,-0.337180880458609,1
16180,3.352507073324405,0.602502124926807,1.6100665979539048,0.0719385643816836,0
16181,-1.1652434438613708,-1.3447907970815032,0.7375662904755369,-0.1813302432898521,1
16182,2.589445097207808,0.3698059034129949,2.3583007005511902,0.3657361611966723,0
16183,-1.0708980582622294,-1.348205755005585,0.5965091089466906,-0.2694526065226849,1
16184,0.4277208939882693,-0.5708916435768051,-1.2904933999214647,0.8536480941759711,0
16185,-0.1571932118746076,-0.2057628634596248,-0.107070724763565,-0.6039488404298629,1
16186,2.6037352534333755,0.7896053634535424,-0.9157899022720256,0.3133922666273556,0
16187,3.2370744375576908,0.6099549253656706,-0.4410152016482792,-0.1818671831886745,0
16188,0.7213819509607484,0.1737147703989006,-0.2365715653275616,-0.5515841744409758,0
16189,-1.7204457672714073,-1.4829375208720623,-1.0971705928515771,-0.259032797929968,1
16190,-1.8437034394296137,-1.652208191751659,0.1286862690108724,-0.3725619941274434,1
16191,2.447291982579305,1.6659168937367854,-0.3147772291083295,-1.185835002864242,0
16193,-1.2061942285085163,0.7100570375910599,1.4634857635282748,0.3370685626073701,2
16198,-0.8791266052848177,-1.2789726624722129,0.8224055118692797,-0.1774729885998617,1
16200,1.4038246095067533,-1.043738056598348,0.5228445268279224,-0.4457291537250384,0
16201,1.7652219182261024,-1.627878180772593,0.1626666260123181,0.2111561038349665,0
16202,-1.3399832073782136,1.9877887992289167,1.7533975386270118,1.3007013659538047,2
16203,-0.3474714746138036,1.0556190395144476,-1.307755126801138,-0.0942999892033279,2
16204,-0.239508135053856,-1.8128976769061207,0.8875589531116838,-0.8115120355147805,1
16205,0.5956424860013945,-1.0108232885065545,-1.0793100104736686,0.3425060099571861,1
16206,-0.2343547315906447,0.8132152316528181,-1.3874171170987022,-0.375758766605492,0
16207,-0.6994406893966604,-1.7843924087862169,0.7343541179530413,-0.6028916645880528,1
16208,0.3833223345209141,0.2546122837380126,0.1680767966320419,-0.4384582118219819,0
16209,1.4297263881400115,-0.1847766901950064,0.1247742301266434,0.8378832669832945,0
16210,4.211056056859613,1.2230935169981785,0.2820572764144596,-0.0614325297138155,0
16211,-0.3988902857677617,-1.1266003348202125,1.1553275089364716,-0.1040202558686679,1
16212,0.2127506737508352,0.1228027189012714,-0.0226613896225315,-0.4859127400917427,1
16213,-2.414405907244193,-1.188471172652288,-0.3871818486920368,-0.139517184745655,1
16214,0.0563802058973319,1.004862753792033,0.5322614543511299,0.0441673551904376,2
16215,-1.453988514963844,-1.2089080661873204,0.3226598990049159,-0.2160603819649943,1
16216,0.0145573223439536,1.0640868885106485,2.3734556902391333,0.624838149712968,2
16217,-2.0844438897359847,1.502310952807743,-0.2128833264643269,0.1317810672784209,2
16218,2.027857254427624,1.2110564074269476,0.082142941502057,-0.4343342811162133,0
16221,0.9294527473706916,0.9671830490339436,0.0281978717144732,-0.6822238196582169,0
16222,0.3045903480347273,1.6136660582178095,2.3712902539721226,0.7101903910303096,2
16224,1.2055671345884615,0.2481356617884239,0.1886088562402592,-0.4925267967596307,0
16225,0.8568540946149853,0.3605246430428735,-1.051127905659586,-0.2917348326486477,0
16226,-2.4366630528414106,1.312921606762536,-0.5059176099414155,-0.3576763312863092,2
16227,-1.9220520300653376,0.6395354388296798,1.0164756415421512,0.4864812288557786,2
16229,0.4199457270039781,-0.0006782353367799,0.7293065184922051,-0.2436480612922932,1
16230,-0.6547556422164664,0.8382413072369886,0.903469490784593,-0.324990675771265,2
16232,0.1989694504489466,-0.0047823244172343,-0.3054590644806107,-0.3979385753828752,1
16233,-0.6591070024554629,1.1943340329960217,-0.92427109176071,-0.2859006656045422,2
16235,0.2251160167614797,0.6446263251653963,-1.4533768686757986,-0.0260661017229553,0
16236,-0.5760162216941167,-1.2755315289141966,1.071681014909386,-0.2025922713227405,1
16239,-0.7996644838713208,-0.3013380094037986,-0.1344263519871638,-0.4213179942436433,1
16240,2.7570608535296914,-1.5820340313888972,2.382857386133196,-0.2565148180271877,0
16241,2.640331042638877,0.3119312335483047,-2.351310822896196,0.72846762743126,0
16242,2.783798664681869,-0.1764763189724837,-0.3267060298648854,0.1823855448347084,0
16243,-0.7124442100229963,-1.4403162229179964,-0.794526698837187,-0.4676538252995662,1
16244,1.127106735314321,1.799756541397987,1.9907565018645763,0.1064774891478147,0
16245,1.5028136284154967,-0.1692217065109265,0.5261378255649988,-0.2811827275217402,0
16247,-2.011908204351928,-0.3904055322277392,0.2466470588210244,0.2697160062195355,2
16248,-2.1858447337890268,-1.4154806696057685,-0.1767627056711877,-0.3051291555096252,1
16249,1.3103253502668055,0.0722967227632013,-0.1461408294241689,-0.1336351480940662,0
16250,-1.3098769874783849,2.080567073872434,0.3869859263905387,0.405833053240805,2
16253,2.953435736075248,-0.051033989831726,2.9192618737428178,-0.2095610969206539,0
16255,2.2098115779223155,1.0311538406724392,-0.638537862378953,-0.483553731857204,0
16256,-0.2092751539110457,0.8942203739079099,2.827659142677906,0.8081311376521637,2
16257,-5.079971917634833,0.0796909831223124,-2.7255791522646984,0.5523722289644631,2
16258,3.045329975533112,-0.5703541640191927,1.1089764981588337,0.463573961874923,0
16260,0.4317006087500437,-1.5973766617845822,2.02209304338265,-0.2113334050355798,1
16261,0.4513900917074002,-0.2000508127750943,-1.3861581654271269,-0.2462403393302123,0
16265,2.9908170803966625,1.2281837412325105,0.0090374487508401,-0.7156781981081967,0
16266,-0.0834196280159098,0.184163864748851,-1.7236399809452148,-0.1780608972569625,0
16268,0.2287875576947474,-1.3771995239682842,0.6413348322079143,-0.1296634404182962,1
16270,0.605532496054139,1.8381196360944592,3.2810428855035445,1.2215132487511546,2
16271,1.6606570207588822,0.1378029309540446,-0.8445147031308038,0.3492739113357564,0
16272,-0.5267824343809512,-0.8934527294865577,1.208524765193688,0.029335231097914,1
16274,-1.0252860256155398,2.209000367151349,1.483664956739202,1.106926076842215,2
16275,-0.2534044978881408,0.29703342576381,2.031336426503229,0.0319243231672334,1
16276,-0.2442747870840994,-0.4220545352406158,2.3747179095316224,0.901221941598666,1
16278,-0.5018102057639916,-0.9757100918209588,1.0239071447364607,-0.0143977542506503,1
16279,1.697661275429588,-1.0390797045687816,0.4511211038808289,0.074378514927036,0
16281,1.4373274177514883,-1.5080229749352938,3.2695863512539938,0.088585977929021,1
16282,-2.3821190856133905,1.7910094662859404,0.8500045090204398,1.0978973137422454,2
16283,1.72588342625431,-0.7226945644079985,-0.4740378521770767,-0.0079886772826308,0
16284,0.7385346415655248,-1.6300240781551636,0.6218262437434245,-0.4922273517946844,1
16287,-1.8567089023071897,-0.484366733117075,0.7799655672363067,0.4535318733807944,2
16292,-1.01432730106848,-0.8528342879683457,0.9223885951340306,0.0891577091430842,1
16293,1.7565331056073334,0.8088327985634749,-1.69702072200008,0.1691576133744338,0
16295,1.1895583781583483,-1.816796605144804,-0.2699608583001971,0.0950674145663671,1
16297,-1.3001764468597576,1.04446146913348,1.4545664630380934,0.5563520335272517,2
16298,-0.3363543534745006,-0.8755672618228092,-1.108471338574634,0.2689492454011965,1
16302,-1.4820463461831246,-0.8091609588968602,0.6608914680747802,0.1673529455072271,1
16303,3.337926635745424,0.2179439006281204,2.011801118237942,0.0681583961127151,0
16305,-0.6741977567599323,-0.6980453489567497,1.245167768911294,0.1944603132946498,1
16306,-0.9764422094882828,3.032402262736994,-0.5467331595451701,-1.16142364434777,2
16308,1.257384071399189,-0.2272804728921026,2.238310213242817,0.417732714397544,0
16309,0.165823095021113,0.1756637500956716,0.7274261865112093,-0.1174889194006204,1
16311,0.0733984977018098,-1.7139853203335456,0.2770280015020111,-0.4146091754223128,1
16313,-1.2340403567616862,-1.7305163363096834,-0.8423926608877752,-0.477570080461203,1
16315,-2.17841123725825,1.7742205007875165,0.7865259897138935,1.0400977337620467,2
16316,1.8902167566727464,1.615086613084867,-0.2637798097603587,-0.7782263251914111,0
16317,1.0944136971147282,0.4833925377406931,0.6952689336684321,0.3480602102316318,0
16318,-0.7457157340873546,-1.73286697356452,0.8236316014068873,-0.5656698885771203,1
16319,-1.9744413362258983,0.5710401446213921,1.124227615988925,0.6103026107536837,2
16322,-0.7594402085208868,-1.826523603108583,-0.5512126193454878,-0.6059497041732902,1
16323,-2.9434739005587454,0.3337557647412879,0.4198865816740446,0.4730138207731848,2
16324,-0.3378982443665004,-0.4388243867227038,-1.0179940196512485,0.3864158101596461,1
16325,-0.6363351106688143,-0.0465485565357635,-0.8690731186050578,0.0289640634477432,1
16326,2.3518206006203,-0.4290968871503156,-3.0151359218296547,1.7193915615708468,0
16327,2.673706018988626,1.2870381438415046,0.6247641347201279,-0.9729240692524228,0
16330,-1.1180095616723669,-1.2868709974270636,-1.9332167292167035,-0.2159230172141873,1
16332,1.660790875033716,-0.2634597121109663,-1.6387742616554868,0.8693774927334196,0
16333,3.3941824034887214,2.7019694017771823,2.291760131589397,-2.6523371132380085,0
16337,-1.9971962310264053,-1.664780919840811,-0.2056144926660752,-0.5654212604612409,1
16338,-1.806713399991262,-0.4409921838104679,0.3461989295841235,0.3761094767297989,2
16339,-3.318730774228196,1.441320505832577,-0.7561007024528498,0.4823440650458288,2
16340,0.6100594039889957,-0.9941381592918668,1.6901729408848292,-0.3493417923520545,1
16341,1.693878907675494,-0.620691588300502,0.4430262105724855,-0.0057288114998378,0
16342,-1.4741041199393852,-0.8056124184214227,-2.0993837640140827,0.8375156210310742,1
16343,-0.9205858775671965,-1.839593168188536,-0.6423187616347761,-0.5777738102025182,1
16344,-3.785386962899093,-0.3515645446207051,-1.016210535513547,0.6444961930998284,2
16345,0.0973742118770648,-1.63848423153493,1.4238134621647067,-0.5254006394884141,1
16347,0.5114077350925108,-1.760327193571019,0.3723825300370769,-0.5392738977282275,1
16348,1.2741614515945356,0.1970178428206984,-1.2344559953783318,-0.5091080549112476,0
16349,-4.364370458748073,1.5628114996588605,-1.5886665875702417,0.5598579203180655,2
16350,0.8511531121463124,0.2124064884307204,-0.7040744232042636,0.2498601931936111,0
16351,-2.650286687381713,1.7304472506801036,0.655810990237983,1.093788895642941,2
16352,-0.3281580302089253,-1.7620488990037284,-0.0205517742169408,-0.4326908820356362,1
16353,2.487469273447468,1.2341154125788882,-1.9448571983565175,0.0744349028988491,0
16354,-0.7756289954451894,-1.264202828245212,-0.5362123425606551,-0.228034269875752,1
16356,-2.404571068994932,1.689935163518335,-1.2657355885323391,-0.5689167787634744,2
16357,-0.1722129202310789,-0.2754524448144375,-0.7338758796351476,-0.2659966671744252,1
16358,1.9897232310813224,-1.201217070738384,0.1246593133209172,0.3588912561148979,0
16359,1.079904862949305,1.0148221257062855,-1.1686195324971305,-0.7007486004638046,0
16360,3.0473120449688844,-1.9299175907579065,-0.1715654310217595,0.4873330274304912,0
16361,0.640925114189774,-1.6921070577196158,-1.0298414703717094,-0.015722928998709,1
16362,0.1478382525181895,-1.592104662471079,-1.7624903266384075,0.4633378084392582,1
16363,-2.7383227962059573,-1.4822302269953325,-0.6644907996146748,-0.3714730684990493,1
16364,0.3122220798449263,-1.16457626912694,0.0106948303910224,-0.2919267663191769,1
16365,0.9724844804039232,0.5672120423480735,-2.214427480605343,0.5629116441389534,0
16366,-0.6431597293806796,-1.9305034479697336,0.9465026386653418,-0.6744890570938494,1
16367,1.1896115437259964,0.6105257892687606,0.5155318917131153,-0.4370657859543662,0
16368,-0.1285971148840307,-1.826248424052321,-0.2665318202650819,-0.7032137240848053,1
16369,1.5743179901521591,-0.5348434841427618,0.6472154747266997,-0.457003014778672,0
16370,1.192535749129901,-0.0950316526421269,-0.284382011976582,0.0731028630237351,0
16372,-0.5215348480330011,-1.589250385964238,-0.7213616473814195,-0.6747240498876107,1
16374,0.0155623258505391,0.2521248051213194,-0.2596188049666215,-0.5687694228613044,1
16376,1.0901528923321104,-1.9341391218809596,0.8679169187254809,-0.6851536069026503,1
16377,-0.2483256102410635,0.7201395814122521,3.408568482274339,0.97444557194019,2
16378,-1.576767280504464,1.9834509400417863,-0.1161078078419838,-0.1589925004941712,2
16379,1.949315148270767,-1.801196281444432,0.3572176038930378,0.1399814862671376,0
16380,1.644211095310201,-1.6508232754695482,3.32263256949001,-0.1347784058467849,1
16383,0.4691951484209091,0.2355719955312437,0.4439896223249889,-0.3959640324641287,0
16384,-0.2175091619994349,0.2986018252696799,0.163803917442998,-0.1485413242749606,1
16385,0.0012070143956336,0.7412804870912818,-0.9955075151090654,0.0654642478601875,0
16386,-0.4409583353909199,0.0337957308654827,-0.7631482012112721,-0.8006122054324573,1
16387,-3.570842024832133,1.6705877427091709,-0.1048883583714694,1.0585370047740348,2
16389,0.9985988118925188,0.3522272370503592,0.353622417110671,-0.2064863922660694,0
16392,-1.351759191467253,1.0891116079186176,1.1153299910304024,0.3443237012294014,2
16393,2.314831613155189,0.6082653302744911,-1.8809417242684077,0.3619157464130605,0
16394,1.593906546083422,0.2468399759014179,0.307399271779565,-0.0106334623638293,0
16395,1.70209394637102,0.6210790044490636,-0.2112891074792231,-0.1114709975073371,0
16398,1.272545881505906,0.4615864174564443,1.7760720771250909,0.1887543797821482,0
16399,-0.1089145957955157,-0.1492980624513753,-0.3797175197705314,-0.8127252644312167,1
16400,-0.8307638567134719,-1.0854760527288942,0.7581150735447993,-0.2174081655729703,1
16401,2.627191924132596,0.3914304953869746,-0.7344665012178038,0.1657233608986581,0
16402,-1.393872348866556,2.157931213594538,-0.1189605765073129,0.1614912382877883,2
16403,-2.3212882668862878,1.5031242757163472,0.8438048166408514,0.9195750062381726,2
16404,-0.5531738153912743,-1.328015071613327,0.9650021038741242,-0.2867228965869108,1
16405,-2.9713465797974297,1.7751029591620058,0.0738436709157423,0.7060216516523028,2
16406,-1.2421704658371469,-1.7888754200615258,-0.2247437582706221,-1.0576768310445837,1
16407,1.5317595418366474,0.8388057364006978,-1.4435245447038023,-0.600121597721724,0
16409,1.977615307057319,0.4577721304008509,-0.1008056294011157,-0.1988317810347593,0
16411,-0.9788547034077107,0.6669279791081894,-1.4197448838896851,-0.5292212933286314,2
16412,-1.926470246281688,-1.4038986440071677,-0.5368562392337172,-0.6516968115178877,1
16413,-0.9384520229835772,-1.4525051591009963,0.4693943765091964,-0.5434507113897905,1
16414,-2.8914966109548743,0.2302692192227209,-2.4083037542927133,-0.3695084144552688,2
16415,-0.9448502707998632,-1.5925136805900575,0.3034920412920762,-0.7821168795237928,1
16416,0.822123833335265,-1.7036518670147178,0.1343623102185596,-0.1155553997140821,1
16418,0.1442680376627365,-0.1196759782460769,-0.7591840419855783,-0.3828891967806228,1
16419,0.1217891681970345,0.6803566443801232,-1.3922532798574296,0.6355980319616731,0
16422,4.635590898404769,2.1750900112103717,-0.1211684863018579,-0.8636010145752647,0
16423,-0.6436609654122417,-1.8543294673979736,0.9374105480563508,-0.6185610731915391,1
16424,-2.7108896846794988,0.2636476206222925,0.2891103577895157,0.1011177397779097,2
16425,-1.3467139462858655,1.38673579737987,1.4975570597707184,0.7919871994906752,2
16426,2.281858720358976,-1.0115501526448696,-2.362756499927906,1.436230647192254,0
16427,-2.330886405075899,1.535525777486242,0.0648850816856591,0.3343728494594554,2
16429,-2.8650684920794944,-0.7440270201633931,-0.7537307902922202,0.3707065688570273,2
16430,-1.5044674164949363,-1.4899284454689607,0.5171344920490009,-0.1809787324140227,1
16431,-0.5065184246168067,1.7536679213071864,0.4227952309686633,-0.4467529647552861,2
16432,-1.0801289912740806,-1.5307909695026356,1.0618966669213423,-0.1975691055108394,1
16433,-1.5436958478575866,-1.7465876091149375,-0.0045305810384479,-0.7048733496479574,1
16434,1.1888480163949968,0.5069275404591855,-1.2425381404980291,-0.2494084821178041,0
16438,0.5271162444372322,-1.7791686750545108,-1.5870537436411751,0.2757168905254257,1
16440,2.857845397593083,-0.6847002967682481,0.4221983340507696,0.0777301396505479,0
16441,-0.8054871636118669,0.3710385172127224,-0.479198002189432,-0.2029825889445523,2
16442,0.7365386550587344,0.8644212138312615,-0.6956208873772609,-1.0737875641664172,0
16444,0.1412140245210351,0.3793575357989807,-0.9716744642435728,-0.584612044392699,0
16445,-0.8687105216382368,-1.6115446709557275,0.0747270349813875,-0.8981276567970333,1
16446,6.593696942862543,-1.1222434271199302,8.042602021550685,0.8320461489489461,0
16447,-0.8853305142216499,-0.6949858642791477,0.8386864152898644,0.0108211517484827,1
16448,-2.048057717276614,0.4329481860915516,0.3302654057974047,-0.0554294308317849,2
16449,-0.2710328611276132,1.2461539949202138,1.0393964919465433,-0.1442755983478406,2
16450,-1.16226135212518,-0.5973081376189318,1.0744074608346268,0.3945470740635148,1
16451,-1.3215186000858032,-1.153217465642536,0.4975532123441675,-0.1455349079897437,1
16454,-6.539990466372768,-1.2284306573015238,-5.330598666232973,-0.5067497055683778,2
16455,1.1006931645877036,1.83978733002516,-0.4680180156537346,-0.9995721578568032,0
16456,1.522025476562249,1.445869494873618,0.2779295857259323,-0.1913894367184938,0
16457,-1.98097555470871,0.5215980202221854,0.9112081067289988,0.2724565609459191,2
16458,2.2034948081420844,0.4289986115406666,-2.227194467073119,0.8261848049972483,0
16460,1.0014398185407505,-1.5406765423310913,-0.0147230714900674,-0.2710159695678835,1
16461,-2.107229761904832,-0.097078502841165,-0.4315619851468675,0.2345418625466019,2
16462,-3.6626865276542446,0.4294027489400343,-3.161836054685644,0.4278139631054926,2
16463,1.4162725666233935,-0.5945682317819745,0.0397396014150041,-0.1297734353165867,0
16464,1.6299449943577031,-1.2151012889260533,0.2797868788061828,-0.1258403250337958,0
16466,1.4209985405324217,0.0894568256363489,-1.3793332891808057,0.3277049054859385,0
16468,-3.5678113706544217,-1.255888302051784,-1.1443314467951569,-0.1313703769786531,2
16469,0.2497593592730802,0.2738918127301951,-1.4053182758497684,-0.92204010905893,0
16470,0.6812659898180755,0.9553910069832768,-0.873487657342934,-0.4441612763127597,0
16471,-1.8791689719373383,1.1212618449848877,1.0506442658002002,0.6349029424151221,2
16473,-1.4798458496702291,1.3948374022465269,-0.895875617245521,0.0791675000441779,2
16474,2.0531339628302745,-1.6625187984931429,-1.5972178416430065,0.878375927266877,0
16475,-0.4861327848950363,0.1728011282059878,-1.2274553083019868,0.4475738112397079,2
16477,1.692591800842796,1.8362517644482337,-0.0681023182873231,-1.0446527750381132,0
16478,-1.129053267741254,-1.6216477231650248,-1.2934954561761054,-0.0239353793095223,1
16479,-1.1323578964599033,-1.824292429155562,-1.0638760586770089,-0.6788490149116896,1
16480,0.6418222088264169,-1.3415207706548824,1.964160789730387,-0.3111535775091596,1
16482,-0.879469611801676,-2.0106859603038485,0.8167227412366896,-0.7749690950858829,1
16483,-2.4964061456422364,0.4329968813846406,-0.2173696896311428,-0.1514561753379762,2
16484,-1.09909839888502,0.2491235502478689,0.1179798467580592,0.1163832215255774,2
16485,-0.3799920717532723,-1.281096185025426,1.0091310773434388,-0.4004174384149243,1
16488,0.0100012578990487,-1.2089248421338037,-0.4114384560526223,0.1447889098221799,1
16491,0.5644619754699824,-1.659120734355359,1.9242122148806449,-0.4779454977211533,1
16493,1.005936512283804,0.7608272462461398,0.3065759864549005,-0.0074319917554169,0
16494,0.3427538524944378,1.2547086973481871,2.920313576868365,0.7723356141152717,2
16495,0.2934082703966268,0.3742835814757117,-0.6407853316324749,-1.082976405727574,0
16496,1.6901714719511358,0.5182062403098306,0.7440040427027771,-0.8243064840002939,0
16497,1.875336997438672,1.699138430011248,0.445313956337131,-1.482975266386749,0
16498,-2.9709822538350896,-0.26288929578503,-1.992380942656679,0.4191687509457608,2
16499,-1.932458077168156,2.509581647347332,0.3999716755278191,0.9343184340737593,2
16500,-1.1884074312854378,-0.0392323258445202,-3.2322853690371245,0.857322560238769,2
16503,0.8115854702312439,1.583574958025347,0.1177746052802439,-0.5038981824253603,0
16504,0.455739375444928,-1.865259104847136,1.4988977328205113,-0.8774139702728571,1
16505,-0.0515942954331125,-1.955599298008406,2.275945297351957,-0.1108866358058315,1
16506,-3.359222297240786,-1.660695334607675,-2.2784568356641914,-0.2972009328861062,1
16509,-1.7795024777942237,1.4585414102741567,0.9977606850559536,0.896016091790001,2
16510,-2.1068022533413138,2.1632463574456744,1.0699025770204975,1.3778215586545073,2
16511,0.9622536777912984,0.0148664353561709,-0.4355346880334931,-0.4673559900893345,0
16513,0.2389543441165423,-1.9290873389217909,-0.9399229292291056,0.1060679012107349,1
16515,1.3652903173124742,0.5162229018590256,-0.434207765634072,-0.0615323390750258,0
16516,-2.668268716797994,-1.7225014646315275,-0.7184580137318543,-0.5916688004236635,1
16517,-2.2291911243137768,1.195971768854952,0.5501765123945537,0.5321444163876068,2
16518,-0.1560522118523782,0.258345631966876,0.026448582726772,-0.3119152028909327,1
16519,-1.7329018162418552,0.7165914869697992,-1.7889952537026093,-0.2540111207091592,2
16520,0.7025431497122064,1.663494121008373,0.4850782238045721,0.049430423811078,0
16523,3.7271949510953486,0.0367072898977808,-1.5119138755291208,0.958398663528202,0
16525,3.367023553946816,2.1543560618934112,-0.4108707048725145,-1.389989950476058,0
16526,-1.4034866309591247,-0.2783952173091715,0.6511381155283574,0.4816030299400874,2
16527,-1.501852583823973,-1.213062181304302,0.2870436701190351,-0.2280076330606015,1
16528,-1.062464557176514,-2.042943457785249,0.452738697171711,-0.8297349589319657,1
16529,-0.67152709582265,0.2820254873227074,1.5477835852555415,-0.0381913476138922,1
16531,1.091038052526936,0.7797482875053637,-1.3532003304713471,-0.1340509963772334,0
16532,2.10756350396065,0.0431935362267665,2.383282989417224,0.9147884844111828,0
16533,1.0825144300708671,-1.614540805057732,-0.0058842147288064,-0.2615672672153648,1
16535,0.2434399089276864,-2.067030254465326,1.5232891873567729,-0.7801461665764009,1
16536,0.0298308065504879,-0.9319167230468284,1.4127185844399237,-0.1139434124440731,1
16539,0.7920213081827747,1.18766108898975,-0.2989145360568778,-0.8732821573971277,0
16542,-2.705858807084162,-1.454144607632195,-0.6660857605841547,-0.3461797086370744,1
16545,-1.8820058608734105,-0.3875812252288508,0.7220415255010388,0.7725365624822218,2
16546,-0.3349073898074094,2.109633336198156,1.6024578049969311,0.667117787078591,2
16549,3.5627392427269142,-0.6555691735405842,-1.5087537852857074,1.588901511746442,0
16550,2.0539466050552875,1.0604985687724284,0.2623310690966574,0.2950345502564317,0
16551,0.585740728900583,0.5369933899129056,0.4209119987318097,0.4354161309978963,0
16552,-1.350541607986255,1.9803978413089944,0.3653847214801841,0.3619214760564065,2
16553,1.994730878969095,2.8891247434113723,0.9519069381506526,-1.20393256495607,0
16554,0.4113474833606427,0.8257244973465092,-0.2187638567236768,-0.6117679144804379,0
16555,-1.20901152666359,-1.25323400909672,-0.7390446888041294,-0.1557154191398304,1
16556,2.2718946849138977,1.3609618103228744,0.117216562113473,-0.4678833705755604,0
16557,-1.4357149444276638,-1.1047063220206432,-1.0611691434429409,-0.0897452639247977,1
16558,3.657340649268393,1.317979032733288,-0.9805540508974132,-0.5563190132558969,0
16560,0.8449832076656176,0.5215469323700044,0.4665162273866173,-0.2987861579733172,0
16561,-0.3010521067610019,-1.65777830685916,-0.1898365379485202,-0.4468410981462759,1
16563,0.6570366517419196,-1.6197447766643485,2.3232353171951314,-0.194160650458543,1
16565,-3.1488253208982577,2.085608230975154,0.4986924215055375,1.5323935608481196,2
16566,-0.4174718478880887,0.2218257046760829,-1.5876896893742918,-0.0792595451147459,1
16567,0.3312489828858034,1.422197141031886,1.7306662862926665,0.0310407030400737,0
16569,-2.3185919998878703,-2.0596165208443837,-0.3207549045550815,-0.7204912068982103,1
16570,2.453228441603412,-0.0517359352598093,-0.960736596466636,0.7885676904621103,0
16571,1.5777163647326962,-0.0420712369274838,0.6394015260209157,-0.1892203122922966,0
16572,0.4151465817375004,0.4226191864130246,0.2635103679703642,0.3874190553416267,0
16573,0.1437476695904241,0.400643172582073,0.388538809367864,-0.1351183029574179,1
16574,-0.0870733229171232,-1.4304261336705666,1.5487052252487852,-0.3213358050337951,1
16581,-2.4197787214948803,-0.2528877217427333,0.0844902130021611,0.471241063915728,2
16582,-1.3749459362105283,-0.9792198400492108,0.9419003902523272,0.2421679405263342,1
16583,-2.0669265395677834,2.1620691337538696,1.1319773229737495,1.3646774255426293,2
16584,0.4836062241504427,0.0789684692039476,1.0852882924762577,-0.073360002504104,1
16586,-1.4915299835943698,0.9022985305015572,1.372624009892887,0.6846766942570113,2
16587,-2.0720828180318924,0.7717435065679109,0.5568104026211372,0.3183521259074874,2
16589,-0.3902910630381375,-0.8834815140783954,-0.7865292932269796,0.3336333032468697,1
16591,-2.024125336177085,-1.2353107333516429,-0.3211073748266931,-0.2573825204418231,1
16592,2.7788272268899963,-0.0197487991444258,-1.6929762328450673,0.4884618079114999,0
16593,-1.2180583885455278,0.9286416096123028,-1.566357233897983,-0.5870162575139342,2
16594,-1.423804251962297,-1.141563932239776,-0.3418376829102382,-0.6038896604116293,1
16595,0.0315600594754989,-1.4483424529181752,1.109115245316238,-0.6782343672586889,1
16596,-1.3720121319317309,0.6102125719131809,-1.3507000888099787,-0.2545153408350772,2
16597,-2.2392431904437147,-2.128384574976338,-0.1873250221586378,-0.842504281546654,1
16598,-2.6359474846467514,1.2897960951269587,0.3684808587749321,0.6882362718861561,2
16600,0.8302004652669529,0.2505261581825258,-1.3552754992142078,0.0196515260952497,0
16601,-1.036958421441715,-1.6055171047759758,0.3164997219357283,-0.6698592764019681,1
16602,0.040661500031858,-1.7520464037110577,1.4670325144172014,-0.5578512486028603,1
16603,-0.1938944219516013,-1.255970675278134,0.3436504473746723,-0.0662040550676868,1
16607,2.4015109084727344,1.1979230787406792,-1.2332898128768288,-0.4878079613469647,0
16609,3.00253462814853,0.0964223549384849,0.4083214158157152,-0.3038939264309833,0
16610,-3.323744375765897,0.5771697843701376,-0.2798611467461818,0.1651875697484281,2
16611,-2.6475367097336524,-0.0843280105514195,-0.3798397972353871,0.5362401215823237,2
16612,0.8796560571037814,0.1590162303741465,-0.6525906718542815,0.2358595396641517,0
16613,0.0892107845964974,-1.382894307093389,1.5724079763043954,-0.2808599553442237,1
16614,-0.4316076363406794,-0.2146143086804811,1.4954890843698152,0.5522721237607336,1
16616,-0.0304203946293281,-1.106487333878481,-0.0558259307740542,-0.2043550679147701,1
16617,-2.6532977847564023,0.7199720311694809,0.4992188938938325,0.4607515817187075,2
16618,1.7671503299110352,1.2482005996729235,0.5883114636298027,-1.2059733069602514,0
16619,-1.84972776849675,1.0213344051299975,0.9937136558037905,0.5397357142241357,2
16620,-1.9157391749605184,-0.0631350557107913,-1.5449685234420674,-0.5564013177990995,2
16621,-0.1831827654422431,0.460356487277303,-0.86176244705431,-0.234123924913879,1
16623,-3.140647589380279,0.9235580129977158,-0.1077964542750323,0.506760395920518,2
16624,0.3660560747428053,-0.1829507546744037,0.8212670352497354,-0.3453672175736784,1
16625,-1.2582595215702566,1.1349105103905284,1.389331883573763,0.5835280516226103,2
16626,3.339149460123036,-2.372266829314317,-2.8760501534554006,3.797316630061806,0
16627,-0.8930802453088412,-1.2575383579875556,0.7708519011831898,-0.2519005456438811,1
16628,1.7034005979536626,-0.0663083182908097,0.060545978370581,-0.2615326179751948,0
16629,-0.1351035579998911,-1.207865506173982,0.1609736210726452,-0.2102035811918944,1
16633,2.2415498230829205,-0.6205879652232084,-0.4987439289615804,0.5082696745882046,0
16634,-2.3956243767000065,1.95484605747474,-0.6491706919265182,0.2800096106290224,2
16637,1.0929865855071468,-0.4029025710184287,-0.2383185869416665,-0.0383049798965194,0
16638,1.2752127382671263,1.5899106524510245,-1.349910171824464,-1.038195808227775,0
16639,0.7563483692023423,0.1997379449334359,0.3311760482683833,-0.7901712366349866,0
16641,-1.238922621539581,-1.0794025018248528,0.8934146776945497,-0.0102035129597058,1
16642,0.3332556281848908,-0.4712872517233317,0.4528296132279871,-0.679608094385441,1
16643,-0.6164398261286276,0.8075526122514796,1.9096344501603848,0.4136224006447264,2
16644,0.4570455734918075,0.2804460169020772,1.4244833672826187,0.1221032917458054,1
16647,-2.0244010848061964,0.2935192525633515,-0.5179702496814813,0.1592660807266215,2
16648,-0.734147915404066,-1.699091125015635,0.9537593750820816,-0.5310480139290213,1
16650,-0.0611965078467341,-1.4107484933221566,1.6063891352130089,-0.2530657899022859,1
16652,2.939890110172206,0.3282644723013686,0.9525802579406272,0.1747244175219384,0
16653,1.2035314157743051,-1.6176246584541707,1.073925120640791,-0.3884364727060894,1
16654,-0.6638671511451558,1.7906502337035182,-0.7791702148034926,-0.2795786446471286,2
16655,3.1227498345509823,-0.0993661219986864,-0.029514254057597,0.6501752489258497,0
16656,3.058369717382329,0.4248080881819752,-0.015772644159692,1.1119495690262164,0
16657,1.3403887944410842,-0.3134337542253292,-0.5352080185620424,-0.3378437291173524,0
16658,-3.22026042133127,2.1815255880688125,0.0726396243257362,1.31343683151778,2
16659,-4.146781097587158,0.193227292645211,-0.7014279513421849,0.0049884267115945,2
16660,0.5187023557266259,0.460912225829685,-0.2756869247479578,-0.1758800154410667,0
16665,-2.9371195868461037,2.0807394386453057,0.3522762326528431,1.2622148113011122,2
16666,-1.3950831503996943,-1.915013069352036,0.0484717380370227,-0.9959193920111468,1
16667,-0.0269643755925857,0.355972233628836,-0.0625845131112897,-0.3241734901330335,1
16668,-1.258020435433712,0.0237255207608346,-2.5929896453110417,0.1375743170277227,2
16669,1.50894724391042,-1.561717504795399,0.3644388471013649,-0.2227378877873312,1
16670,2.784656408259682,0.9150849161861384,-0.8056888816210834,-0.1902353855465416,0
16671,0.4985962252170766,-1.2426009371721272,0.8204803759604735,0.8380325761089905,1
16672,2.480552934005693,0.2752259329022628,-1.2019254466149294,0.3642595967430127,0
16674,-0.5757865872637135,-1.13654492756411,-0.7743411055766304,-0.4541399207473927,1
16676,1.1552377985527,1.1240341780340155,0.0503400014253482,-0.9275017577885863,0
16678,2.2422392943081944,0.2122688683003133,-1.210427019033389,-0.0499978704859951,0
16679,-3.5927354444383237,2.1550493706611764,0.0058076724746974,1.4918408762845152,2
16680,-1.7991077477339266,-1.6080666013535925,0.004027980340921,-0.4828426992611819,1
16681,0.798410117745347,0.3970694361332737,0.0176757080001987,-0.02935439283177,0
16682,0.5096797100611729,-0.950476184964244,-0.671024432757132,0.3088913247091939,1
16684,6.144901641481347,0.7586488440973347,1.2162192207223854,0.5784155147436498,0
16685,-0.4242983841983337,-1.445110868175065,-0.1469674376336923,-0.4077992663168239,1
16686,2.6200798008877606,1.2963737429861897,-0.1128006857949083,-0.8375156143622033,0
16688,1.0373231284824127,-1.892167343627159,-0.3308827656412559,0.094839096322503,1
16689,-0.8418545707273427,-1.3179915032525422,0.1358859221610992,0.1168680959942069,1
16690,-1.7764734717760022,-0.1524974963802769,-0.8115986487745891,-0.3106244458433115,2
16692,-1.2027362750280115,1.5207278304127696,1.427338406663495,0.8820554122478399,2
16693,-0.2209362737784234,0.3113004486981033,-0.2785906112063582,-0.4027712343810781,1
16696,-1.4672993334930684,1.0770809220285034,-0.8271966340865539,-0.2608135086876657,2
16697,-2.934537391533099,0.988068651532388,-0.5739621498217132,0.1623439670873344,2
16698,0.0983816705384201,1.011193051134288,2.6992183571650403,0.6183723649403511,2
16700,2.9535282992409155,1.343768329918085,-0.508028365761248,-0.7558931736289518,0
16701,3.148289406944303,0.8303311020537854,-0.3324922840567713,-0.0575575033688615,0
16705,4.150112963367477,0.4336019980708783,-0.8962688685295672,0.8633618854668833,0
16706,0.0805093429363365,-1.17829695077302,-1.091076412841444,-0.1937712188782734,1
16708,0.1334679562066404,-1.6273104350380618,1.5643597353328715,-0.4247101107714703,1
16709,1.415784861699622,1.2979840472559263,0.6606193721145311,-0.9407676270324684,0
16710,2.1735425690433376,1.592713218722907,-0.9535733666427798,-1.2259971652352024,0
16711,1.0156639204351512,0.4827672258686548,-0.4707671570595653,0.1400171763218139,0
16712,2.7023001510885267,0.061788779006585,-1.305685553218002,0.0686648350406313,0
16713,3.4584875383074647,1.4985565614662892,-0.5609641549985196,-0.8253286894331252,0
16714,0.3057582998737919,1.900092333817618,1.0068190117027822,-0.3467268794516608,0
16715,-0.4327207245390231,-1.4481464859012363,1.5522797779369022,-0.2661263263140841,1
16716,-1.7638817047588673,1.692122534995615,1.068210230849867,1.0120105199544762,2
16717,3.008539881673659,0.1449136156980659,-0.1685762471354135,0.7979077279273048,0
16718,-0.3024700713331368,2.0336382591405298,2.533762360449737,1.278700794107757,2
16719,1.570792862310554,1.211409448512358,-0.8057539862507814,-0.774209199741554,0
16720,-1.3674524945351605,-1.8179028847449472,0.1264123851186853,-0.8404722743120504,1
16721,-1.1690194445661437,1.0302687568190296,1.2439351163757886,0.3654028518550815,2
16722,3.0418835066948398,0.5203843476149451,-0.7679054330699964,0.5703754858644083,0
16723,-0.0988500960716851,-1.0539033264075486,0.3908384707003653,0.0719842114064318,1
16725,-0.9856719950809024,3.845514178013984,-0.7427979369924794,-1.2133586120284785,2
16726,1.237715375343409,1.4986725225003306,-0.2589643680426639,-1.3719661662570737,0
16727,-1.4263089569215257,2.071773290254748,1.319575903932923,1.075878614502872,2
16728,1.1899584582371971,0.3915086334223537,-0.4293179007009767,-0.7558984128835049,0
16729,3.2787816059235824,0.5504518189695066,-0.9623770350891168,-0.3540478595088939,0
16730,0.7496539599009728,0.6975951203889313,0.2429893072538619,-0.7000609548565719,0
16732,0.1338236983979265,-1.7833818448547634,1.5313394444300188,-0.5535415154559933,1
16734,0.0148284707699174,-1.2004497327986032,-0.6000216540095408,0.1206340391313966,1
16735,1.8500178247432069,0.697206362250137,0.2505869529431829,0.1945446784497991,0
16737,-1.2617435192560806,-1.7255206839627586,1.5154458102072903,0.1316125941600896,1
16738,-7.558192406454905,1.586534640443014,-3.85372117016055,0.4973900305863938,2
16739,-1.1754143421287884,-0.2939128268899901,1.0488036938466785,0.5680659843065138,1
16742,-3.1050106041453853,-1.1468262440888757,-1.423271421829256,0.1244260496477676,2
16743,2.0034836798288755,0.7349856595644356,-0.430607038611086,-0.0494178924123084,0
16744,1.6547633026120372,-1.4866608489584807,-1.9396997880545608,0.9360397411383446,0
16745,3.053127514343409,1.4352504621254374,-0.1246670141792875,-0.4113621721691138,0
16746,3.503154773986493,0.8396033907152805,-1.201666191651091,0.0314511766286332,0
16747,0.4607282503556031,-1.5595235605772118,0.7943033498192414,-0.2032666751880267,1
16748,1.0481285947538483,0.8530545676165073,-0.3047024914659167,-0.6266049285473314,0
16750,-0.0447213929703001,-0.2449326033307714,-2.091523162897303,0.1757350911973051,0
16751,1.5207745995509123,-1.9221305201336687,3.0903933395009062,-0.3210821320144551,1
16752,-2.60127839044915,2.2157588042843823,0.6516739908917197,1.4276590943027456,2
16753,-0.9433722413426652,-1.4708539301809598,0.48341390521895,-0.5949519775123906,1
16754,0.7294693525196934,1.642576805290612,5.17215235978736,2.120750206074194,2
16755,1.4225427060425293,0.9957671568978442,0.9591327552950668,-0.3766019744234218,0
16756,-1.8337754079006712,0.5501853933618693,0.8096842057785405,0.2025975388193509,2
16757,-3.0431247996058386,1.5843023489796129,0.295520754490288,0.945328148199925,2
16758,-0.6264709511313397,-1.4192028366506224,0.9729980387334932,-0.3508416305528931,1
16759,0.4015711589015693,-1.9450268671618796,-0.133483043503289,-0.2351496859680035,1
16761,-0.798633896095472,-1.193988904892261,1.2840368668785591,-0.0331363729647319,1
16762,0.8997504508488238,-1.181741282981252,-0.076695935891668,0.1090454954652247,1
16763,-0.3247214140319678,0.3060596514497294,2.11012167739204,0.1426435078759797,1
16764,2.7264551767889644,-2.6599282870408336,-2.8842585056014487,2.6856589847587875,0
16765,-5.640420418057817,1.5747551234717572,-2.1744827302558285,0.8591344419128811,2
16766,-0.2194904580754215,1.444219768224281,1.985539339234698,0.5072858647024275,2
16767,3.385016244889641,-0.1557380693445347,-0.5287902317069312,1.0705456015274366,0
16768,-0.3682228239588367,0.1691134373301209,-1.1847841785475663,-0.2119565771492229,1
16769,-1.3115616066929785,1.106630126463972,0.9567927143249302,0.4195336384998206,2
16770,0.3270330721023782,1.775110021371929,-1.0531369823681802,-1.2832280565133491,0
16771,2.14137792247654,0.9766565291213694,0.1945586451511449,-0.810969417174617,0
16773,-1.3621352086949037,-1.498033847307791,0.2556023327850992,-0.5692916361439789,1
16774,-0.0772272994928717,-0.8400952172232803,-1.2699133407818053,0.6640446570979021,1
16775,1.1868463378154583,0.6787183698144204,-2.7036845285490614,0.3833474785727771,0
16776,-0.1589717909428255,-1.4401305931912796,0.9966817157389638,-0.6104306017464244,1
16777,-1.51618308144474,0.3847555364001835,-1.4914391671530804,-0.4681616385328137,2
16778,-1.3143555178632629,0.2582149352243805,-0.6722520266965597,-0.2222773567369949,2
16779,3.7929283728014265,0.9412561677459084,-1.141382401920095,0.1892262074389073,0
16780,-0.3778778924675053,0.3240494314351879,-0.071433726217015,-0.2667300876973283,1
16781,-1.7277008056420855,2.158437981744182,1.3419064449942268,1.3650527569230508,2
16782,1.3799304255059428,1.5205144455368984,-2.1276135608171804,-0.8059561897682203,0
16784,-3.144964322424753,-1.7453901163607175,-1.1551808852428884,-0.5264971575590245,1
16788,0.2688145660600485,0.4479251363849405,0.2415037440566677,-0.312273067710636,0
16789,-3.1258320499887517,-1.887100914017304,-1.274968139741855,-0.7634362910131589,1
16790,1.3946599734042229,-2.221221612417186,-1.0979305514983977,0.5341558081189032,1
16791,1.5363637084307606,1.154479178414555,-1.081271016158753,-0.948078396940404,0
16792,-3.473468869893209,1.7590316961532506,-1.2472454000112754,0.2167049887621875,2
16793,-1.2318816794914151,-1.488131363741261,0.4691460167822644,-0.4226109493563812,1
16794,1.637148992397799,-1.9784235872497844,-2.9164273344381533,1.811553080018269,0
16795,-0.6881523049609752,2.075715890473224,1.863965168735742,1.0782900529366737,2
16796,-0.9419453627504276,-1.181028282713771,0.842511765258018,-0.1661906460248055,1
16800,1.5667055413603077,-1.9458584354158763,2.12627820390544,-0.9506191375184064,1
16801,0.5773489745369338,1.346086526646587,0.4073539242651467,-0.3867243633146576,0
16803,-0.6184515776373662,-1.4412964626596798,0.9954932357022068,-0.3908912059885969,1
16804,-0.0213803627747539,0.0362596857709973,-1.06279655835246,-0.3749731919410641,1
16805,0.1119072452802215,1.1816609703739271,0.4631499210391856,0.223009610527504,2
16806,0.0251451480837672,0.4987609863970515,-0.7142208691282678,-0.3149221124564449,0
16807,0.5971511625699251,0.8437796938516138,0.802624071002898,-0.1899087215565125,0
16808,-1.1438635000087989,0.3857005803750968,-0.4885733580068284,-0.118759242171639,2
16809,0.7260827895779751,0.1124882827091323,-1.0415929909806485,-0.4068300502406959,0
16810,-1.4856448954689674,0.3226256141639514,0.9915374596399732,0.0515564186808598,2
16811,-0.0715616859920819,-2.00069836108636,0.3283761365342428,-0.5128297048957423,1
16812,-1.4895899417723395,2.094381965399008,1.4675994790443907,1.395375599425818,2
16813,2.062879395160336,-1.0179376319088485,-2.028597555380457,0.6560351088878731,0
16814,2.6106468021158307,2.0579636789009346,-1.2641491981763435,-1.2495210598684043,0
16816,-0.7848396704958679,1.152645880275601,-1.3937796250166714,0.0274113462436267,2
16817,1.0098364038516048,1.690989509414406,-1.3718735353153848,-1.3867989390001527,0
16818,2.6072691165007558,-0.7948336099984996,-1.2975384501519338,0.5907015574125215,0
16820,-0.1834780973153982,-1.1392139238404686,1.499040533498534,-0.099243244784984,1
16823,-1.050066636649537,0.7057532517961276,1.1982161480387372,0.1641090924084851,2
16824,-0.380880156996357,-1.023699361824976,-0.3650821008692959,-0.1336752544679194,1
16825,0.4532990306497403,-0.8832556426992714,0.5958299786025617,0.0995879635916777,1
16826,-0.7727150119763239,-1.5316825941871606,0.733580059367129,-0.4693854388166028,1
16828,-2.731539227995389,-0.9092309931570008,-1.7492508871689665,0.1284455066540537,2
16829,-1.8641950308828668,-0.449999263391359,0.3111966996312749,0.3592518953290395,2
16830,-0.5805578698145594,-1.717761843946122,0.9772585948834592,-0.5791559221930973,1
16832,-2.955728124819698,0.9611149550537024,-2.0223464512908964,-0.0693399425121896,2
16833,0.5955110984705878,0.9707975033261323,-0.506214733488139,-1.0683792895637414,0
16834,-0.6679908638921437,0.5769469515742902,1.9299922366438491,0.2719782694797967,2
16835,-2.224843573370499,1.1779449731717049,-1.4970320122366292,0.3210595921655032,2
16836,-1.4584964164952618,-1.2039901131457718,-0.83369209157342,-0.0739676516151009,1
16837,1.6185861210941372,1.5710639614113118,-0.4511298523839035,-2.1063845471810927,0
16838,-0.8756353895386825,1.3349861250747923,0.5262892748977493,-0.0565394551574201,2
16839,4.536301574553445,-0.0972372659713557,-1.904326899013487,2.129277264486898,0
16841,1.942549008074296,0.0777790234790903,-0.2054927944807661,0.0832826776384269,0
16842,0.877169973341858,0.4393601777664476,0.4664787757460873,0.3269247803277292,0
16843,4.20170739837435,0.2708167483292063,-0.208974043876899,0.8485468661328877,0
16846,-1.4973110508835377,-1.573395592695585,0.3452443221806752,-0.4213873012948403,1
16847,-1.7627562997577682,-1.5731748340640932,-0.0854773074269931,-0.5096788447813393,1
16848,-1.0554560357964118,-1.56002840970258,0.7179690246215774,-0.3969190050239315,1
16849,-2.8584320720944087,-0.0373291558833254,-0.6051371247707654,0.560943495821409,2
16850,-1.2602509726562543,1.6801710397114504,1.7800205049568618,1.069015555322251,2
16851,-0.9379347261620024,-1.8105106018881725,-1.2172931286859556,-0.1850370801410515,1
16852,-2.2739975870441973,-0.8844743029671568,-2.052540055162982,-0.1624566862728496,1
16855,-1.0833888726349767,-1.6639376888924569,-0.6461241946186214,-0.3848335882037644,1
16856,-4.49805297146628,-1.7607661911921992,-2.379922603403466,-0.7115615486697633,2
16858,-1.8529687403168615,2.126296791616696,1.4146478704882013,1.5123707045980557,2
16859,0.4430008963534323,0.404600032680165,1.1930573588293385,0.0850180138359001,0
16861,-2.061573268088628,-0.9009211357857472,-1.146193747596122,0.1708025685287919,1
16863,0.0345156469191496,0.560072979839818,0.0243196476901534,-0.1980779316937934,0
16866,-2.4042473676696687,-0.4311814282962742,-2.127362723007708,0.7922368803249148,2
16869,0.8885209711893132,-1.0626251193976868,-1.0136034435363837,0.2069513076858735,0
16871,1.9289773997290565,0.8261670559013748,0.1161487618462357,-1.190925630088775,0
16872,-0.4482393365689527,-0.8732177535272121,-0.0197684580414657,0.8673373896605342,1
16873,3.641236867987398,0.7873409431652355,1.1000760351403127,-0.372892718453126,0
16875,1.5724039590174954,1.1320316440153444,0.1333279988388963,-0.4706198517149489,0
16877,0.7382484231830465,-0.7149946657180566,-1.9732380317147904,0.1953843406338676,0
16878,-5.3550125192132425,-1.0701352631457748,-2.997284931061865,-0.4464670824563114,2
16880,1.4044051112315787,-0.9174305979700708,-1.564552845668273,0.6230817640638991,0
16881,-0.9660250348289974,-1.6761119444536356,2.0131438335852025,0.2399711604129489,1
16882,0.0852380117935968,0.8207668201352945,-0.1904836237692704,-0.489511484605636,0
16883,-1.5470733807250636,1.8475758510942544,-0.590724021826323,-0.139897384996526,2
16884,-0.5156268286205792,-1.691249986701385,-0.0167554994708145,-0.3399216887301674,1
16885,-0.0460440774072962,0.5600262605373134,-1.5625182499331536,-0.3295916447227233,0
16887,-1.1092993319157107,-1.682660277454362,0.2008127927514686,-0.8014513336099758,1
16889,1.0221106198542391,1.8851293474765312,1.3951100002812478,-0.4465338672009746,0
16891,0.8057581084565656,0.4036006032247378,-2.234305871508104,0.1159426937657925,0
16892,0.0848667117527844,-1.1284743943377484,-2.4844153079023,0.3582074885863461,1
16893,-2.3020187778833137,2.2157194544160097,0.2891561061869702,0.9758770862730672,2
16895,-1.144691200388956,-1.2802046588255542,-0.0739194924172687,-0.6738646686328051,1
16897,-1.9890311423101248,2.051560632649236,-0.3174314790384212,0.3035317124980741,2
16898,0.5812705549847113,0.6095241115191165,-1.0209805862685897,-0.3619517319644562,0
16899,1.1165298584910912,0.5299425897256059,-1.5471831914957943,0.073047786894851,0
16900,0.8887492596983394,-1.7184923384864284,0.0643889475468788,-0.2427500169988842,1
16902,1.3701573944490109,-0.9636807707466044,2.877348260034813,0.1792152905822543,1
16903,-0.2133074939493379,-1.7634441383005304,0.920405619007138,-0.8014793137189309,1
16904,2.9944084225086565,0.5424069676961406,-2.2249075187397023,0.417784990661779,0
16905,2.328879294397074,0.7800552362140417,-0.542994984781311,-0.1432436170128289,0
16906,-0.2670984565236077,0.4992708364286373,-1.2242889992861057,-0.4803637757494056,0
16907,0.4480643898035818,1.25213426451772,-1.4388828447714597,-0.7585342233536421,0
16909,-0.3856218333364699,-1.456102817607892,1.4888899413759544,-0.2532296791574895,1
16910,1.9409572766100756,-2.1162541495062377,-2.088304511814635,0.924290457965087,0
16912,1.6548893820196,0.8200614635032619,-1.5600963443307372,-0.1387842040758855,0
16913,-2.8942278348664066,1.296926995542261,0.2778865839210597,0.714801644789243,2
16914,-1.4015873143628932,-1.650827745678927,0.0033100691135914,-0.7287086218602715,1
16915,-0.3648080048510536,0.2126499413810156,-2.7516072036989727,-0.1036079527654824,0
16916,0.7792508265348675,0.6495585263794021,-0.0584894491010044,-0.5633650541469633,0
16917,-1.304124213346279,1.0744263771134646,1.8229937397281937,0.83308377095389,2
16918,1.1146643393543918,0.0191327405235776,-1.523389967390281,0.7046604721648592,0
16919,1.102829472653268,3.244064359327688,-0.2231878967800768,-1.8439463317052425,0
16921,-1.2277831625530424,-1.4028937998048516,0.0376004339588626,-0.7294539030078435,1
16923,3.1577625475595976,1.9926842613947944,-0.9602939751516276,-1.458738619798258,0
16924,0.5738687093222837,-1.5147373310267285,-0.3362647509554665,-0.1591982641469377,1
16926,-2.519848582298481,2.27648189081925,0.4283485621386865,1.343410844398527,2
16927,-0.6051419777252438,1.0677679678406915,0.4267281968702135,0.2384725207837232,2
16928,1.841054509229228,1.0244522643410576,-1.9855173300723556,0.8600539306122991,0
16929,1.2179487908164317,-1.7136775738527508,-1.704629567367328,1.1633457968251888,0
16930,-0.4397424681237045,-1.5897297018973182,-1.0578199436698283,-0.2361354330256779,1
16931,3.2722303826650068,0.8496855399015804,-2.2273606231152883,0.1182509451637086,0
16932,-1.529808624598012,-1.412270358842537,-0.3632485608928004,-0.7638358899166217,1
16933,0.1033239536312982,-0.2346649060961217,-0.0893597975930712,-0.7286743238637461,1
16934,0.540570250496183,-1.47694094714826,0.6609085186671739,-0.2422471630131786,1
16936,-0.6085709786918275,-1.74990309884956,0.4276845981674066,-0.9115880927482444,1
16938,2.871419733554403,-0.0582927467094349,0.7266152854243962,-0.0696389191247711,0
16940,2.844882253720324,0.1295599221047037,1.522393873326488,-0.1450414418854842,0
16942,1.4990212631792534,0.1659860748776537,-1.537846552130126,-0.6032136588275219,0
16943,-0.94686302580994,1.9742344444768043,0.0184907801599132,-0.1750264121052641,2
16945,2.704718702766039,0.754976042716468,-1.953676061540787,0.4456747401387234,0
16947,-0.7973035502061339,0.6677300875124829,1.8636296139566384,0.3573245838521575,2
16948,-0.3701054872467507,0.9487455545443726,0.5650136277349952,0.0131028937915213,2
16949,0.9841264097439286,0.5963482443714501,-1.0028688012050972,-0.5584518985653307,0
16950,0.9495213282998052,0.6230103055669904,0.1561274646296304,0.259765194756296,0
16951,1.216759543845982,0.5454538854922069,0.9209914232910168,0.401856624217906,0
16952,-2.137762855872095,-0.8671196023568356,-1.2953377999739526,0.1124712097675309,1
16953,-5.205566100644419,-1.6256247148734464,-2.805862922748499,-0.6090110598409928,2
16954,1.531899098574806,0.3612926909540548,-1.5740926097455947,0.5413685496487418,0
16955,-1.1121946064670345,1.98778679708235,-0.7410445805408777,0.0350004657915211,2
16956,-1.0512252238048316,-1.845936742049424,0.4244613025321872,-0.665708696326574,1
16957,-1.5152895706852298,1.45648315833985,0.4081052800738038,0.1820121597013093,2
16959,-2.645240111398448,-1.1106534930444003,-0.6073888961927085,-0.1693015545143222,1
16960,0.1007345557537721,0.0048658932571184,-0.9531370403726808,-0.4396783807770562,1
16961,-1.4695455641654802,-0.8778556773536275,0.4771944023186202,0.0369557085072395,1
16963,-3.1244201926639703,0.3503848949165097,-0.4432162584142625,-0.0271206158790395,2
16965,-1.374438533891814,0.5771248449597466,1.2368715450390877,0.106965153784709,2
16966,1.019361642399361,-0.1783638241338974,-0.1402863935929424,0.088879674466226,0
16967,-0.9174855341948388,0.1752633484630323,1.62011095131691,-0.0399295582795476,1
16968,-0.2315755398109212,-1.42588965429702,-0.2068177529417187,-0.3956320623993619,1
16969,0.3450449252706963,-0.512111845381895,-0.0073501652555713,-0.3564427958942054,1
16971,-0.803165098191088,-1.5288257461532295,0.2088802793413453,-0.6847139531147803,1
16976,-2.5135424952911745,1.012697234553314,1.006022912785241,0.9457893289599938,2
16978,-0.5833854056179544,-1.2412611789442034,0.7627303839134356,-0.399003521325755,1
16979,1.641123186312371,-0.3185184463308364,-1.0686153840086954,0.626984119155049,0
16980,0.397268197284121,1.5072812496331378,1.8657330372604688,0.1196862065210283,0
16982,-0.6271021731480622,-1.4447922674213205,0.9294601799406126,-0.3725804866791785,1
16983,1.8485542119350509,0.7916735410774565,-0.8911915031735742,-0.1874582248371042,0
16984,3.331672834604668,-0.9778772076587264,2.7823222838894286,-0.0014697549766962,0
16985,2.3572410987500425,1.4689618917031475,-0.1748270843909085,-0.7745079376229369,0
16986,0.5935132891229286,-1.9925498760997675,2.0229143844580464,0.3142567927107247,1
16987,1.1614643584481004,-0.894694661864498,-1.9332427245491572,0.6397363947857321,0
16988,-2.499267505582235,-1.924820202720339,-0.7949961786057942,-0.7647634723468909,1
16989,0.4880131392775816,-1.7444862182883325,-1.0230348551643058,1.2804902870153605,1
16990,-2.8463961642857534,0.4756050380758886,0.7656788423508866,0.6129681353125008,2
16992,1.439915207339111,0.1781417048157091,-0.5103992823548201,-0.3216392630226408,0
16996,0.2618555818372569,1.2912216196520514,-0.7324941940404653,-0.5889271763404749,0
16997,-1.3515454967526712,2.1683524695105985,0.8011489990809316,0.4534282116451287,2
16998,-2.9231721665392336,1.4425417720114104,-1.6987945247341742,0.0990870453068336,2
16999,-0.4223843067158953,-1.545960910605768,-0.0474805680747394,-0.2683168132403953,1
17001,2.423948270596268,0.8151148380124151,-0.8868942593341389,-0.0845532979750874,0
17002,0.8802564111468019,0.717638904300236,0.7646747686800502,-0.3136316296213101,0
17004,1.031081838694962,-1.396183652894209,1.295729254650903,-0.0428517370473965,1
17006,0.066097549173075,-1.6837132000933897,-1.321253481461215,0.133774434217797,1
17007,0.2708313930026018,1.4558310202635991,-1.1320008721175725,-0.857714407201283,0
17010,-1.5828045550286023,-1.8838638795136295,0.1280868163964435,-0.6770677064542712,1
17011,-1.021086775641723,-1.7936263417645577,0.6481552421862906,-0.5900235834248028,1
17014,-0.0186238094044264,-1.602474880950392,-1.0124269767842662,-0.3114659812685714,1
17015,2.3306878142461973,-0.9996664282098456,0.9471832593492504,0.0421866155961817,0
17017,3.24193061615333,1.676391269140266,-0.495674912767177,-0.8709916945050414,0
17018,-0.0070602626467754,0.4622276138775553,0.1226607014572958,-0.0067985405831988,1
17019,1.4399699624668754,1.210342702513017,-0.1780158470281333,-1.2024567466036105,0
17022,-2.7040766087543555,-1.793275655152359,-0.635245878069262,-0.6860095298979577,1
17024,-3.2512432863099874,-0.9892332827388024,-2.806663930231093,0.4248827930567318,2
17025,-1.2195756647735454,1.086515679719282,-0.999633412024537,-0.1918411996956344,2
17026,-2.651125671149392,1.3005495851640572,-1.0675662101925865,0.7571819644107397,2
17027,0.4063682415666889,1.0318915385344405,-1.5060513388848886,-0.3857744705577938,0
17029,-1.0100916368638262,0.0185066349663808,0.9856794452875516,0.5759601105260005,2
17030,-1.8323195603729523,-1.4520015871823706,0.1285470171398997,-0.391313096547982,1
17031,-0.6245215649459835,-1.1089582118416248,-0.4980895990884309,-0.1710150747710916,1
17033,0.4798830008224151,1.057621108582829,0.5059537185176709,-0.1191060429742636,0
17034,0.2516758257846733,0.0119999785088702,-0.4709008691220059,-0.1455993412525951,0
17035,-1.1413907167947486,1.6585026634992432,0.5356877743542758,0.1662783181202277,2
17037,1.3616029042101248,-1.2298060715353334,2.556515309506094,-0.2104380927858131,1
17038,-2.4165610889268034,-1.5588950590056734,-1.1982449660656025,-0.8371638759092898,1
17040,-0.7424608441649265,-0.6790603137115092,1.2429663763023984,0.3126419349420679,1
17041,1.2350091486691903,0.4320291761188903,0.1676147030510314,-0.0210164822751224,0
17042,1.0175066038945748,-0.1149125074799482,-0.7335370848513469,-0.5068795328454055,0
17043,1.6986659640908062,-0.1447873004329257,0.0276031143544065,0.0379571463334826,0
17044,0.2128826375713048,-1.9841542898815376,2.299426734506061,-0.1991524014416726,1
17045,-1.4443107036630842,0.3322099350059579,-1.4811750895330524,0.1946357447449181,2
17046,0.090765704952909,-0.5867579972194842,2.143578213832952,0.4387907153396703,1
17047,0.5268601709471742,0.2581821848033551,0.449586896918123,-0.6491187768456355,0
17048,0.2721534453964389,1.1179210442556016,0.2454716032276562,-0.1505762681209476,0
17049,3.2753727638975345,-0.1124720786121387,-0.2981436879809106,0.1992903576742776,0
17050,1.9151845173768547,1.7099399701673452,0.7445201471957029,-1.364799029209909,0
17051,-1.1933951068246182,0.3336647427967562,0.9721010384508744,-0.1955531133226216,2
17052,0.0129737330664675,-1.751885331163116,0.9628326200572964,-0.8710984309567771,1
17053,-0.8405500238179084,-0.7048741583755783,1.0857590788677811,0.3120429711939774,1
17054,0.9153974900248552,0.4137600248483327,-0.3439737530993074,-0.8865520007029004,0
17058,0.6339010644605662,0.428031750895449,0.5276910273981124,-0.5416005859202658,0
17059,2.7074169954751355,1.1523094326950682,0.482062026893423,-0.7786654632585917,0
17060,-1.970867180289854,0.927134799401658,1.4143008754226198,0.7657353911100101,2
17061,1.7765412478549567,1.2450851668061986,-0.0440314992974339,-1.053152782169087,0
17062,-1.0523192159616583,2.942325869591804,0.0756340690080522,-0.116450531257273,2
17063,1.2034071262927042,-0.0163421773527232,-1.449913522893981,0.3326019029381415,0
17064,0.4315104622261537,0.498962043388973,-0.4950527466681433,0.0534363459985855,0
17068,2.3336739711684023,1.647364755724536,-1.8675252635486248,-0.7285759037657337,0
17069,2.082487997375016,0.9809445973146276,-0.9849837704694496,-0.0556721837971481,0
17070,-0.679426589054906,-0.8123531294379908,0.5508059782935719,-0.249325891934614,1
17071,1.7777955384086943,0.6371867020151277,-1.1191692377857871,-0.1975102655793461,0
17073,1.5212153486811677,-1.4704453400585316,-0.3700940674545617,0.094188677848995,0
17075,0.2146404310309381,1.0074225859199009,-0.9242766160571302,-1.1372999385542295,0
17076,-0.0348958639581802,0.9677856091931024,-0.3489301761285109,-0.3294082955142302,0
17078,-0.2504446656500024,-1.825920077991374,0.4157338449049306,-0.3988462843208892,1
17079,-3.25421982754643,-1.170562434701988,-0.9309092156308748,-0.0111687671075126,2
17080,-1.3203633979571991,-0.0048631816267459,-0.7426824053961428,-0.3284288195149002,2
17081,-1.1093135917778385,-1.4903982302553205,-1.3048535622371722,-0.6268796999333714,1
17082,1.988147254488083,0.2676069257890967,1.6188469869779971,-0.2696253293982627,0
17083,0.6331421682761942,0.8446784390719616,0.9094926671206668,-0.0605221822708183,0
17084,2.4605514263846686,-1.78207735417881,2.243536593502262,-0.3848356064063545,0
17085,0.991648181960963,1.958032665380027,0.0591695370297767,-0.8222822181242597,0
17086,1.9086546567829763,-2.150585576685106,-0.4484011925789418,0.6930600339101876,0
17088,1.75027626604082,-0.2123563561053446,0.0565025739150312,0.026929887125964,0
17090,1.4012000464143797,0.6577226255759874,-1.0122491781537013,-0.0597789203370954,0
17091,2.6840960605052486,0.4328009279153101,-0.9182090935574708,0.4456190057545789,0
17092,1.725595881449001,-0.0183518744404553,0.1659724316291375,0.1624555447709172,0
17094,-1.6273834116818924,1.6015352012525428,1.4149681256373108,1.0272397556155046,2
17095,1.1666949875000905,0.736192072574372,0.2973844865848056,-0.6825568393540578,0
17096,0.5576674829269336,-0.1650882445815427,-1.0004071557431584,0.0121454439142723,0
17100,0.9476816960079724,-1.9351474141818927,1.0316272949589018,-0.5327878450312095,1
17101,1.179825925122935,-1.20516903370306,-0.1815273603751881,0.5865487552697255,0
17102,-6.043777776514533,1.3072313877943798,-2.7645617744955024,0.5681652904470208,2
17105,0.4582985000000971,0.7726752115006202,0.9360557683670993,0.1319046307036258,0
17107,4.199250811035726,0.0126085875834515,1.511843314231852,0.1629086858608808,0
17109,0.7037015346656774,-0.1290784227201468,-1.5565960392478635,-0.2385072828816958,0
17110,-2.2828603589753014,-0.2832825667772259,-0.2345475184606664,0.3661340567441555,2
17111,-0.7958398178215332,-1.641622389780687,0.744878755174525,-0.6368455573877296,1
17114,0.1118352273257364,1.0090399431025188,-2.7505505996565383,-0.7119536214247477,0
17115,0.3282229144215357,-0.3163814132990081,-0.4129961318834649,-0.322192890283403,1
17117,-2.902779796898464,1.3071362316330617,0.1693182504726654,0.6815406515731958,2
17118,-2.325077558801351,1.5223381616876617,0.941864128927978,0.9392845470870328,2
17119,0.0538811981294129,-1.695115799080857,0.102563371866095,-0.4708555911585229,1
17120,-1.4737195345388667,0.7423055084701299,1.081650576910279,0.3164147872803083,2
17122,-2.35811044521036,-0.8428018719687218,-0.1239374136998045,0.0991613786639385,1
17123,-1.0754177210447506,-0.5096370165995764,1.321631991196735,0.543997914621567,1
17124,-1.079535779454759,-0.1302388675407375,0.7315490052655902,0.424500767624872,1
17125,-0.7493960395744718,-1.6017946088725263,0.7286295915348318,-0.6500972426623053,1
17126,0.939841338333986,1.2897833512046726,-0.6681099207333947,0.3132502478275058,0
17128,-2.5115401203689656,1.802717525517452,0.5200695944694791,0.9984355455847336,2
17131,1.8606779278427457,-1.878298303923769,-0.2636842005020792,0.4636422628381917,0
17133,2.067211682384249,0.0157871722064483,0.6353067075719887,0.2487889084791518,0
17134,-1.1205462093108662,0.4662691908119582,-0.5865080853420557,-0.0245249495902683,2
17135,1.04388813894461,0.3383214748727383,-1.4154826201309214,0.5867681512237758,0
17138,-1.2278144519023964,1.1949317563385422,1.33376573902273,0.6161625486461348,2
17139,4.217523420312519,-0.0935859630794846,-0.091650168616112,0.5905208663306014,0
17140,-0.8297757496381836,0.7741714525096135,1.9675764575582333,0.5189667076656435,2
17142,-1.1227882170672134,0.8610788709789349,1.367433443813318,0.5249515521573289,2
17144,0.7425751681366138,-1.587458945512377,0.6438905792391273,-0.3742877461026149,1
17146,-0.2462351786359916,1.314176996091883,-0.4657830655530084,-0.1419559268979768,2
17147,1.4501482541386153,0.4807490259737761,0.1036299526565613,-0.4141755314537282,0
17148,-2.2517939736900723,-1.516016831929154,-0.3473149450757782,-0.4693347952965938,1
17152,-0.1389735625956825,1.390250795993391,1.4495720367316498,-0.0508957147531955,2
17153,-1.47709356586591,-1.7912434673409523,0.1103408539303975,-0.6645578500077034,1
17154,-0.3865779762581682,-1.430872137327297,1.431393689869906,-0.3113708517505255,1
17155,-0.9749741571362008,-0.9652164671532106,-0.8086377474355894,-0.1693328143348567,1
17157,-1.054524989910648,-1.0003000223857343,-0.8061841142088362,-0.0637831370526038,1
17158,1.1275479175182317,0.8743868058862696,0.4275666716651713,-0.5311571932027972,0
17159,1.7110479189769263,-1.074211375632168,0.5219297777253683,0.0864257966367307,0
17160,2.602638539009783,-0.2215307746220297,0.457025603537608,0.0518687450118664,0
17162,0.7836463751483297,2.083796412960482,-0.943436493367948,-2.296053228488044,0
17163,-2.0788643056049803,-1.453512692593625,-1.153064739378151,0.0248939067460725,1
17164,2.005316621213739,-0.1071275943390422,-0.6182594172884814,0.3863682664826381,0
17165,-2.429276047941888,1.232240729075326,0.6220316872050641,0.6898558570368633,2
17166,-1.9449709904245327,-0.2106952480713305,-1.339171956150714,-0.5133785367910135,2
17169,0.6622494925305233,-0.7698923407545648,0.6101315799479282,0.0679151560152467,1
17171,-1.7199737030641522,1.240385978021702,1.2248898340258352,0.6953538834709675,2
17172,-0.5835109453021028,-1.412459344300958,1.4425763366440665,-0.1974491261857185,1
17173,2.1217064096651272,-2.010546016722545,-1.053946792161686,1.6808600084733376,0
17174,-3.839883948939252,0.6004196693638346,-0.707481079688286,0.1896988560095452,2
17175,1.1649449178564424,0.0439365224366298,-0.1077953567579526,0.3235132543576698,0
17176,-1.3560783313402802,0.3730644336950953,1.2432744759311496,0.1224591468586833,2
17179,-0.1900545381539361,1.6290333647818491,-0.1398177123023513,0.1107324388207533,2
17180,0.5079191867813118,1.082500421083466,-0.3885393627964921,-1.0412484825744284,0
17181,-0.940796782845187,0.7552475826277181,-0.7803076765521781,-0.1717594646969095,2
17183,2.0515341254813646,-1.882839327040417,-0.2720333219935988,1.0175990227284886,0
17186,-2.649770966187563,-1.649315062753972,-0.8622357886386992,0.1290645976335207,1
17187,-1.968570150946784,0.6143834986092334,0.9196150077635554,0.3137094240447768,2
17188,1.912877623631961,0.7183623646244248,-0.6405057968155666,-0.0632420380431347,0
17189,-0.4103240721029432,0.9503304546700388,-0.3608344646235329,-0.03560614816332,2
17190,-0.8340667691215082,-0.1450234573853945,-0.3081613208905192,-0.36958297088906,1
17191,1.6988435717952994,1.698031511212756,-0.4742581421171075,-1.3606903695857706,0
17193,1.1239615102457352,-1.545053370834599,-1.1224502323091403,1.6674270124176005,0
17194,-1.8805552860219583,2.130593826884553,-0.208961807361669,0.3335823287136745,2
17197,0.4236481822196488,-1.722265920289103,1.620035375023854,-0.4728644917590067,1
17198,0.5001511074081345,1.0148861526774968,-0.6041549121105887,-0.7790672542929774,0
17201,-0.5841216829975575,-1.5232945416263286,0.7842487248592208,-0.5992419330345122,1
17203,2.6426221596380115,-2.0611374933232813,0.2923380477416815,0.8482223232282314,0
17204,0.5760337534174612,0.8776541352469905,0.4508851824330075,0.3511008008691262,0
17205,-0.1812368765807809,-1.7467439639794575,1.9221845290865769,-0.3182885725074882,1
17206,-1.9188874622846963,-1.4953142513229412,0.0130646691561618,-0.3155017766531936,1
17211,1.8355147989127287,1.5439511772189562,-0.6774241868118397,-1.040508656782916,0
17212,-2.19677108942628,0.8324971988586175,1.1510709132504158,0.7050033129744394,2
17213,1.957945324287938,0.8973038343800177,-0.5517300206478895,0.0803052016099763,0
17214,0.2681418536402798,1.6372638201347154,-1.4871628699837445,-0.8709135213471402,0
17217,-3.236098377115823,0.8881214419044788,-0.572394469747844,0.278658125418702,2
17218,1.6657135231520777,1.161771815864046,-1.7148929140256886,-0.621151404913901,0
17219,-1.9301169381745769,-1.67818428505114,-0.505270378504529,-0.8416184108716726,1
17220,2.7435316286301377,0.5382338294057243,-2.0001455576647014,0.5558963816168484,0
17221,-0.4025624676571327,-1.784553347285153,-0.4606934364119592,-0.7341676659395698,1
17222,-0.8584757649883552,-1.3462410661097517,0.5553498164490096,-0.4162309917767403,1
17223,-1.4067000744581428,2.3800588855510663,0.1585690586930725,0.5177100628877037,2
17226,-0.8403602947978508,1.374388753576833,2.1449843205276755,0.8930751972200003,2
17227,0.5788975240449851,0.516065473700121,-1.4342802656136675,0.3209233414384529,0
17228,1.8611977151443229,1.0738629187890572,-0.978514141655816,-0.525679992027978,0
17229,-0.8847713086437099,-0.7461280619122096,-0.5608386941742771,0.0509633508636343,1
17230,0.8190377786075286,3.658072220456395,1.3310487354468368,-1.2725970515603762,0
17231,2.409527956189757,1.5405905423526742,-0.8277279898680492,-1.2508733939060983,0
17232,-0.5975318319651417,-1.9114103224780097,-0.4156990198276508,-0.608695614614406,1
17233,-1.3045049901248271,-1.6797862717970364,0.1247324353660273,-0.729233699180667,1
17234,-2.2997482323942218,-0.1065349080556203,-0.2230013230952648,0.4508342418221954,2
17235,-0.1084089966019265,0.639691083059046,-0.2899080175097287,-0.1898903074616276,0
17236,0.5333075440083712,1.3875694295843883,-1.4395361772812256,-1.161281057145431,0
17237,-1.303355838558044,-1.790298769854381,-0.9555411530082903,-0.4946607584630037,1
17238,2.660136741291712,1.1940934951140705,-2.056283504520986,-0.4076267106736722,0
17239,-1.3791672010575349,1.5223988229457366,1.565037804788311,0.9921095140168088,2
17242,0.6576678373725574,-0.6098480950054919,1.16114723582222,0.497780942440987,1
17243,3.544160851521998,0.6867185446397005,-2.147305443253914,0.7006824411607007,0
17244,0.814781441683104,-1.6360570041949318,2.3202699170807226,-0.3317341640929421,1
17245,-2.3797501518414985,0.463131901033363,0.3601554341128458,0.1397119349394679,2
17247,-0.7397680956268081,-1.800888217468861,0.1702648889038474,-0.9665212090578252,1
17248,-0.4237348994380848,-0.8066071921967461,0.8814925223400228,-0.217674876260531,1
17250,-0.3435343354108883,-0.0207288048828081,-0.762828157219576,-0.7976947197325698,1
17251,-1.584662083807801,2.112584680511369,1.1061929050791073,1.102407264282953,2
17252,-0.5049122844259418,-0.3619595619252295,-0.5370577014999999,0.0989858762803408,1
17253,-1.8863581874150088,-1.7321548766832444,-0.593908498259578,-0.7949356069349549,1
17254,-0.4751158955529023,-1.873344961992963,-0.7387874837923998,-0.9488051432335232,1
17255,-0.4453263663646822,0.3271587268749794,-0.7381144216279159,-0.6242313535414243,1
17256,-1.6053032490692611,0.6461300092923945,-0.7928548010217046,0.0908433714560335,2
17259,0.3195016269089247,1.1690525577751758,0.3389839082252513,0.1293001374919337,0
17262,-0.1979812713610359,1.6118191989103912,-0.5427508893888056,-0.675872074314786,2
17263,-3.2421553869745106,0.6088422926775511,-0.9279408124384038,-0.2256408724688921,2
17265,0.189247828342303,-0.3593943055140924,0.2957243136591822,0.2428432277163848,1
17266,-0.7033182994877545,-1.123652917325334,-1.9270845096360487,-0.282558476471991,1
17267,-1.081935241762687,-0.6867722943625543,-0.5314482799916929,0.1881840637156669,1
17268,-0.6964683784608614,0.2784901895788521,0.1186355435959916,0.361955296262826,2
17272,1.81892807993551,0.1985790299362273,0.8228440741084491,-0.3884437251197828,0
17274,-2.043297619060508,-1.631053016453505,-0.630292560189903,-0.8300722203131109,1
17277,0.3189595169479363,1.64156219660691,1.4434747806525283,0.0715006550078974,2
17278,-1.597009419804051,0.7562269697199503,1.183956024040819,0.3696166624272489,2
17279,-2.136699292953536,-1.3821751473687427,-0.3277049608859307,-0.3196514347350876,1
17282,1.6435453906164927,0.4686184114536215,1.3261114269440777,0.4025214937982103,0
17284,1.9284553227639811,0.564213001911742,-0.6781790798740395,0.1040598437941556,0
17286,-1.3354912397774297,-1.7718445135219096,-0.207160185125393,-0.9941031144520952,1
17287,0.7051316054567264,1.3509509075497454,-1.6074363670520744,-0.764363659628037,0
17288,1.279003687013882,1.5233571012342657,-0.7738602459243273,-1.486379868342402,0
17289,0.8922305159161925,-0.9066292043148928,-0.2990657199983582,0.084863313358229,1
17290,0.2570391351641274,-1.916690660351062,0.03396705949739,-0.8101528152427279,1
17291,-2.092726065207176,1.453008397665819,1.619826851326689,1.4960326288429504,2
17293,1.878014866463861,0.0281881663810022,-1.8941123690660813,0.9615266376655364,0
17295,-0.1319180419605525,-1.5579823574965863,-0.8606354196372401,-0.1814176513486317,1
17297,-1.6672293610941031,-1.7468026077453416,-0.7084761758959595,-1.0854755791235802,1
17298,-0.3239673504218645,-0.9244006345629798,0.2945123710300198,0.1793064617473093,1
17299,0.4748442657936869,-1.1930636484567314,-1.0485680808202111,0.2826675262855007,1
17301,-1.097629254472868,-1.782988807234288,-0.0868316704617589,-1.0519685662577694,1
17302,0.9020683500275845,0.3459591314839835,-1.0157899373542574,-0.2748042071012323,0
17303,-1.408925863804664,2.074204505523776,1.1783763579728903,0.9927266508143368,2
17306,3.072338305018782,0.3800076736666474,-0.3398113285923536,1.0210800714650594,0
17309,-2.8922927749885408,-0.9932386856920424,-1.0087856638538533,-0.2682449011993508,2
17311,1.387806383706465,0.4350135155436151,1.487858990356086,-0.0408566381821746,0
17312,-0.6431777641370925,-0.6476362372202648,-0.1876660021255185,0.970427203359816,1
17313,1.894409692919476,-1.953471349691893,3.491735911917892,-0.2676482142382595,1
17314,2.1761953042737163,0.3380941263086886,-0.7177727462982508,0.0702134964639867,0
17315,2.906103405963626,2.0081179528824595,-2.4441147959616494,-1.2675371112435558,0
17317,1.1421613809266036,-1.5729054668537694,1.3840279961184598,0.6664134740294017,1
17320,0.8359155042436401,1.2460556723628922,0.4682075202725843,-0.1846250580176418,0
17321,0.5146657164507842,-1.5786493868755371,0.1186884965029802,-0.6297442460475906,1
17323,1.0191860520529072,-0.0002582552768136,-1.917444650939405,0.0727859094448553,0
17324,0.8509569922033483,0.7408655986157447,-0.3898307785402266,-0.3250824749709455,0
17325,-3.2354586786484854,1.2155369415362087,-0.02400822805582,0.6670504863827459,2
17329,-0.3077613730251792,0.3285366253806412,-0.5851562934425354,-0.4232438193932976,1
17330,-1.5194329709678942,-1.5518299481830868,-0.6595382226367977,-0.042882934334179,1
17331,-3.276455554483836,-0.666864624078559,-0.7281639112538686,0.4991327128206661,2
17333,-0.0690377174803475,-1.2622795691062216,1.586666746510208,-0.191667624136778,1
17334,-1.8128387670264643,1.785180349217405,0.7387402705129634,0.5736057880686494,2
17337,1.871078122143069,1.4991750869716614,0.8610033974539462,-0.7218072135963558,0
17338,3.470780640555877,1.4268108558895771,0.504174607904227,-1.126599725373747,0
17339,-1.5512310788800612,0.8718919502107373,-0.8189701630207129,0.2022323398580174,2
17340,4.321938627501781,0.5450014693791954,0.3634647074384681,0.6428849096642554,0
17341,0.4954486208827335,1.1678675698432124,-0.3035140047044581,0.3815481803789605,0
17343,-2.404073248856116,2.060963600098604,0.5206864901776475,1.148068627085405,2
17344,-1.6909965182455589,-1.4726589796472551,-0.4426300472120728,-0.7291687432671361,1
17345,-0.1270143979009762,-0.1323058226490062,-1.2748309308397132,-0.9483553854827812,1
17346,2.478731386104546,0.7513341697498108,-2.354192112252754,0.1350731409765389,0
17347,-1.9737994954176208,-1.370997668913899,0.9431988661457784,0.2603748278514008,1
17348,1.7477145422958802,-0.1616233271946411,-0.7666483086750993,0.0824723678145346,0
17349,-2.625754343983872,-0.2671784150156049,-0.1333574089095784,0.4515845431302678,2
17350,1.0877845277136806,-1.8998194958187296,-0.3338133106039698,0.0597533119455932,1
17351,-0.6283762518709969,0.1543839636195458,-1.3147635626516672,-0.065059671104367,1
17353,0.6077523205117058,-0.8391632225542353,2.177399065859253,1.0001279908691951,1
17354,1.0984351241649082,-1.7489209115147355,2.979943350716615,-0.1183719120237853,1
17356,-1.9502810688525016,1.4905965521985731,1.00889038815376,0.7847979295383343,2
17357,-0.7209187008459665,-1.7162680697845092,-0.6250524853704992,-0.5627561663529664,1
17358,-1.234439075558696,2.215244517413738,0.3407382663892994,0.3680943989521535,2
17359,-1.7783269499070753,-1.9974730783860448,-0.043223093804308,-0.8475153778503266,1
17360,0.4178901290365403,-0.8904478461015555,-1.0331179812784062,-0.1403918670132369,1
17361,-0.6235301988174153,0.2840463770185414,-1.2612005002036115,-0.0282017954429524,2
17362,-1.4548422655018258,1.635903714026909,0.1418588016244812,0.0388881424274189,2
17364,3.0675496745821427,0.706802169631973,-0.7756881036806693,-0.425661158360828,0
17365,3.3480609175095357,0.7571008741757531,0.3811943531649414,-0.6054022791526349,0
17367,-1.7342132484183002,0.7823773898989629,0.6899395652899201,0.103445121627321,2
17368,1.7271111904703758,0.491484337638517,-1.151372116085785,0.1150122633620442,0
17370,-0.3147223166828919,-0.9559089560573624,-1.2205707044903564,0.6241687249014267,1
17371,-0.1724796065183695,0.6111608390392624,-1.7169515244134377,-0.3268254471748515,0
17372,1.331006391750459,1.2367847532122302,-1.6360698434406484,-0.5781214019561935,0
17373,0.2160222097012793,0.2038694312672786,-1.2278072905360842,0.1610584995069827,0
17374,-1.406484709638864,1.483388771255007,0.0110890987496143,0.0114983543220759,2
17375,-0.7781534026306768,2.0862556184729417,-0.1804120369090521,-0.510231280972352,2
17376,-1.6155701408635283,0.5766461657052545,-1.3973580463943094,-0.2677504173463192,2
17377,2.853915999333092,0.326123294624702,-2.6404085288466983,1.2881820415453178,0
17379,0.3689876355353478,-2.042037731166669,1.460253001058564,-1.0020937842896207,1
17381,4.049152562056182,1.8800858201951964,0.4459131361139337,-0.8353444573453499,0
17382,-3.757005967146973,-1.3245359816451856,-1.392121791359118,-0.2238890766927624,2
17383,-0.953916398895274,-1.9712761051076413,0.0756625918675698,-1.1046015352552392,1
17384,-1.3465518560363412,-0.207321988331382,-0.9840936203092796,-0.5073796016948744,1
17385,-0.6603397143944824,-1.896799206985827,0.5034152449444209,-0.9349123369577836,1
17386,1.8671612915154456,-1.6190480955597628,-0.2262012706518155,1.239796402180232,0
17387,0.5885363617214658,-1.7817498487271748,0.5469638365366354,-0.556548335740835,1
17388,0.4602421346461168,0.454700752489149,0.3612092357744799,0.1167139545302548,0
17389,4.6987715220162505,-0.3720329517269747,-1.3772154261665532,2.3351201989300066,0
17391,-1.2158779263583002,-0.5819186391770089,0.8459460064651705,1.124889521452151,1
17392,-0.9767956235329788,2.2042894633042502,0.6925594272697714,0.4309877848707966,2
17394,-2.04674677948776,0.4212880745444306,1.2972830501732455,0.4296064605286783,2
17396,2.897803979614114,-0.1388498842014491,-0.1319471002027213,2.019465973538225,0
17397,0.2742663131157245,-1.7390187638702002,0.0320016071501592,-0.6359515291258495,1
17398,-0.424504003430134,0.6936377500712586,-0.1741474433010297,-0.3335348708405076,2
17400,1.5194852118636568,1.9046353535168237,0.4620439958761902,-0.8658573015517006,0
17402,1.529555172756394,0.2394415810378045,-2.536546149539951,1.2284047439107657,0
17403,-0.9878430249245808,-1.6253342058563365,0.2525705561360293,-0.7114775273178365,1
17405,1.1315153052140543,-1.263283358932769,-0.0628728206260817,-0.100038057655008,1
17406,0.8413103066013795,2.68472979767105,1.9728591897498904,0.4316474546219483,0
17408,-5.268211352972887,-0.1094554880371043,-2.855035916960988,0.3777382316294845,2
17409,-0.9440988975591964,0.6908298995500137,0.2643736739617914,0.5682144880971739,2
17410,0.9375664467221432,-0.5990566600356829,-0.99230013697723,0.1712603248482379,0
17411,0.272203056968373,-0.1045403016591901,-0.6258724568129117,-0.289180564783714,1
17412,0.8258919051005817,1.1792172424608531,-1.3081650805678828,-0.7178563934731994,0
17414,0.3843218352244902,-1.1250697133908412,1.572683400816472,0.4659809302320891,1
17415,-0.7415019558396752,-1.219660808729001,0.9469799775811584,-0.0863721806157131,1
17416,3.495381555338942,0.2677214615409277,0.9265240667411846,-0.1615139122582016,0
17418,-0.2122406694071646,0.4092611283432799,-0.1724921663479743,-0.2832152444650567,1
17419,2.433288500134038,1.6147933203449536,-0.8417966360146906,-1.0591175400749713,0
17420,-0.1018100331279569,0.7074038114464533,-0.8991210082046762,0.181404121143986,0
17422,2.0372222227331447,0.0291919968082908,-0.2309625681574703,0.0210297779687488,0
17423,0.1486113490786793,-0.2404653253173113,0.5818914286870631,-0.3954543591176218,1
17425,0.3549554620082205,-1.6278207386783727,0.4273551767124705,-0.3819041713042721,1
17426,3.3949378870356703,-0.4675598105531388,0.4004297188803131,0.5754231476309514,0
17427,-3.2613600774267977,-1.2792276451955116,-0.865953926824787,-0.0888831734595873,2
17428,4.557340085838569,1.027420326896,-0.9448508452657012,0.1598970061900977,0
17429,-0.2356041328709291,0.0516353168821834,-0.0604272884863482,0.1605016394414039,1
17430,-1.055664823282701,0.6039441289457166,-0.861303841280226,-0.1905999445591212,2
17431,-0.7141621860688042,1.4957420996331128,1.9042473345938145,0.7834369800204701,2
17432,-0.5857282581214661,-1.7036153405750436,-0.5221532113305352,-0.59138638279172,1
17433,-0.5636589131968897,-1.1293905286660162,0.7194819121462449,-0.4099060839183445,1
17434,2.1597006435578567,-2.1534744904415426,-0.8623176183805857,0.9625770162973204,0
17436,-1.857696161887772,-0.2792110122624984,-1.3256447479286602,-0.5554261933927086,2
17438,-1.3736847832095482,0.978430902598465,1.2194635062704122,0.5310507751838558,2
17440,-2.5420425700040314,0.7089154646828605,-0.913115010446202,0.0863863817394212,2
17442,1.9352330461934235,0.1438039690877,-0.3059030668831291,0.1365058311293414,0
17446,-2.531363167352455,0.8407423550634117,-0.817869398582356,0.456223826920215,2
17447,-0.053468289241326,-1.506828487902196,0.2968246189834418,-0.2616022936879048,1
17449,2.223657022656685,0.7430857323803999,-0.8527683429409534,-0.3151848045114166,0
17450,8.207598319168676,-2.183875142643544,-0.3979095816300101,5.505349606744769,0
17451,1.6965077691623212,-2.012808092591628,-1.327148400525752,0.9836181899454768,0
17453,-0.5674006061459724,-1.5937714563704874,-0.2149057957966718,-0.2934715746107402,1
17454,-0.9113248293057482,2.425241193909847,-0.6695543063215187,-0.7993729968733961,2
17455,-2.7058163358362037,0.4553940634277716,0.089455080104634,0.1049070717855828,2
17456,-1.6532757138857734,1.9951939035756536,1.563678277962539,1.267779368301253,2
17457,0.3082267603694248,1.712960203878252,0.4340177236623448,-0.3744429894560701,0
17458,-0.4478787200341546,-1.8596942840131927,0.5563466675574182,-0.9399786499661894,1
17459,0.528968891951841,-1.5256863939473166,0.4851852182067781,-0.4515410484951851,1
17460,-1.0187268044868982,2.1898650740615877,-1.5269382757373988,-1.033857698735943,2
17461,0.7309358865968664,-1.862106036973345,-0.0967757590378504,-0.385068989726147,1
17462,-0.1223975995150792,0.2892314786493095,0.099447896573199,-0.171456750795997,1
17463,1.931444099826492,0.3749742897692786,-0.3420038468460673,-0.3509856439101353,0
17464,-1.27166843073434,-0.5410186207176689,1.1109004856700468,0.4804171568727776,1
17466,0.2905599733368165,-1.5277540285998494,0.2100931887408176,-0.3815666513752169,1
17468,-2.452546911094243,-1.9452437770327389,-1.406480520244771,-0.4208993200922677,1
17469,1.437801134263808,-0.671710027266117,-0.5049749865846179,0.2178582106658767,0
17470,1.1636588924171454,1.1039931872089743,-0.1508314477746396,-0.5737017162852249,0
17472,0.0485480072556357,1.7282588449473215,0.344517322781744,-0.7624396778615263,2
17475,-1.442125414370515,-1.3037999350190892,0.4707575116407871,-0.2758260549501422,1
17480,-0.0525337890997785,-1.32725602558988,1.531276454406703,-0.2516015124844795,1
17481,1.2801757151622322,-1.7070903590165136,-0.2285348589399153,0.1195731317944278,1
17483,-0.8842825938429779,-0.7328659562002493,-1.2507512569129635,0.4502691614674601,1
17486,-1.0034075743554072,0.9909374095607176,1.5862216690685076,0.511478179513867,2
17489,-0.4593854892648276,-0.2174020211379755,0.1031026661765692,-0.4754465097005702,1
17490,1.8461007633849589,-1.6044124085328235,-1.272265786230897,1.2409053823743992,0
17491,2.526801751753435,0.219531486297063,-1.1505793232536408,0.8178363860342188,0
17492,-1.358525647807174,0.8454621119207713,1.4592477635729275,0.5510802177899226,2
17495,-0.4989470807203326,-1.781613197452946,-0.182510779339327,-0.418436882908358,1
17496,-2.153788910609169,2.038895111584752,1.0467325684201674,1.3531217447079258,2
17498,-0.753223345263996,-1.4152215995807034,1.1849073415095253,-0.2758553070920743,1
17499,0.0580289766529015,1.159619657752578,2.7348293889281843,0.7000394864993302,2
17500,-1.495529578810779,-1.5998268742478474,-1.6415876599443615,0.415359477450816,1
17501,-1.8426302178763985,1.03333024072692,0.0807134061488822,-0.157557638828606,2
17502,-0.1384705731384483,-2.0053377513708117,-1.112232618601309,0.1097381934259876,1
17503,0.1072234387314232,-1.8652679943756807,0.2882866712382688,-0.5410255229084447,1
17504,0.9425919016724672,3.485249805564971,0.8340875614313009,-2.176382164121122,0
17505,0.5411148970482049,0.2164480631463225,1.4107883827999044,0.1402004967941256,1
17506,-1.1323694701525238,-1.2901770620966655,0.6575590158225518,-0.2110156141437718,1
17507,-0.3249334246595819,1.7250477702537454,1.0089370145243544,0.0711109020658974,2
17509,3.023767243400842,-2.262540723528577,0.188935052433285,1.734734298232928,0
17510,-0.7396308010197751,-1.8425637079722428,0.7940785076342942,-0.6633544550500864,1
17511,6.943742855407944,1.1525431498291157,1.3457006296270355,0.0654478805144597,0
17512,1.8287286350316876,1.1203011827891596,-0.3007518236830111,-0.9588157819537394,0
17513,-0.6901796743429249,-1.4371110239971854,1.504260270894493,0.0322460092132812,1
17514,-1.1919124917183437,-0.7100455504266688,0.3510627961864153,-0.1225430966444243,1
17515,-0.2210683766592696,1.0717938223139754,-1.173638340964853,-1.0668405519023865,0
17516,0.4368640946196587,0.6951221139568251,-1.339661938250018,-1.0993786794486702,0
17517,-2.4568244405094606,1.4878105696932014,0.6517394336725321,0.8502734537566307,2
17519,1.535195293786691,0.905024865086576,-0.4826357699670778,-0.3195841162512718,0
17520,0.0882118223132387,-1.576924941499639,1.576925992625172,-0.4247739860433325,1
17521,0.2647289956268722,-0.4558466742813494,-0.2258294360171097,-0.3436421882901262,1
17522,0.9454701762426002,-0.3049348290898665,-0.6251085508548605,-0.5202016172328668,0
17523,0.1204917787717766,-2.162999103347194,-0.6294538630457933,0.0845956938432845,1
17524,-2.8419044903019666,1.9982859109178053,0.6932629731308396,1.3469054529388091,2
17525,-1.771590782166215,2.051471887133358,1.4255509247849036,1.468864002682492,2
17526,0.2068111964734356,1.163801190043956,-0.5805552559542774,-0.7443858113136006,0
17527,0.4406141479461372,-0.2996839765884673,-0.6614052745121849,0.1049035458471687,0
17528,2.863352174649937,-2.364471276185611,-0.8032992869548363,1.1567962296580587,0
17530,2.1608316700549017,1.527005220457924,-1.1670585330258754,-1.3638020187768831,0
17531,-1.4762172900625412,0.2749106909306351,1.0675014179185762,0.0423115286124798,2
17534,-1.638754478043773,-1.5079704040233364,0.2424079666935195,-0.3417041744703118,1
17535,-2.1820288193024626,1.1677799536836575,0.8000541161722563,0.6118191426909336,2
17536,-4.202845964053001,0.001934222879624,-1.8703481869105527,0.5792232354195714,2
17537,1.0704054002609442,0.1952839410769988,0.7523943099868492,-0.473986452018773,0
17538,-2.2350194530656613,-1.8490473684112527,-0.288907426714328,-0.7106743584417865,1
17540,-0.2573951153934532,0.3248227713243395,-0.2471435336892276,-0.2646786907007507,1
17542,-1.923089541420744,1.1032577283484517,0.7383208332100532,0.4145982013214483,2
17545,0.3022512763560711,-1.5890883308656634,-0.6666120931589575,-0.311298891566739,1
17548,-3.173366002503432,0.7455425130849718,-0.0707278189190324,0.3722839840191932,2
17549,-2.1378454741219346,-1.736681620613742,-0.9902764100502028,-0.2492576706968191,1
17550,-2.0030715873208136,1.54141295903025,-1.1687730372484144,-0.7675354867903688,2
17551,-1.3861681629369065,2.042331368034808,1.3136746557920875,1.0745693953638442,2
17552,0.6188782005221518,0.9715890375909402,-0.3992409737747899,-0.1058350592629799,0
17553,0.4294992869433066,-1.048439992056692,3.394100593548901,0.8581368441168542,1
17554,1.8775693734387369,-1.5770731562499285,-0.1646671955048151,0.62089479358301,0
17555,0.424501401825386,0.4262699193131465,-0.2499480527763198,-0.6421297121522481,0
17556,-2.4725266803076185,0.4123292705402417,0.5147206354918628,0.2102537151617937,2
17557,-0.3015536377015554,-1.5751061991875182,-0.8418866639331558,-0.0786528690372914,1
17560,0.0688399815218348,0.7462342671731473,-0.2781033019856279,0.0707890435508363,0
17561,-1.1709885957687989,-1.8261945472672252,-0.0213753816807946,-1.0001296150658625,1
17562,1.008989667553608,-1.5629409370048224,-1.8748246739273136,1.2390255302638666,0
17564,-0.6560476170062488,-1.4295624093918329,-1.4206499709336866,-0.1351887060739232,1
17566,0.9013407284600682,-1.8485886339683728,0.5584409338232531,-0.7123666341252718,1
17567,2.7589205332170432,0.9752833040784564,-0.0201700810800737,-0.3597893326711462,0
17569,-1.2506316268529167,1.741788056363229,1.4894790512733185,0.9712937969040916,2
17571,1.654053051222061,0.5881060701780737,-0.0737001798359132,-0.6280689185085939,0
17572,-2.103389092776548,1.1386362767451994,-2.472752532959607,0.0681962466851308,2
17573,-0.6879703375125344,-1.4520751212611585,-1.0652163662884333,-0.0149390079628778,1
17574,-2.3968800929078338,0.8417253321424264,0.5254587623434146,0.4614883335551485,2
17576,2.5250780482938406,1.209377372295664,-2.212286602991885,-0.3704636051497625,0
17578,-2.514271680591444,0.4827673168785101,0.668699123332796,0.3144165861276197,2
17579,-0.188699133255822,-1.000187339961354,-1.2975841705363194,-0.0602837399711855,1
17580,-2.1895715336547488,2.4439844501139976,-1.283280316840404,-0.2667088990772175,2
17581,4.1742653000187095,0.4252444958217398,-1.6557065144999157,0.9985522820883762,0
17582,-1.823587981596791,0.7783808068049193,0.6224823215395022,0.1337350193547231,2
17584,0.8530095970108029,-1.317999746114806,0.7925582257301338,-0.1281457526022859,1
17585,1.434604817768959,0.9694953654225504,0.2982413894811104,-0.2055920901583399,0
17588,0.4523608667971421,-0.0109191922065695,0.6094766458524057,0.3518629008585233,1
17589,2.133122637061025,0.2104388013632669,0.8510653487446765,-0.5234684176828994,0
17590,1.6236339185780169,-1.8583811143665083,0.349293215536879,-0.4361008210645921,1
17591,1.2958378500941112,1.8688301195977357,-0.3038270672013739,-0.9619098684124264,0
17593,3.2977586409234525,0.0461138199370419,0.5476886965988831,0.372064214623268,0
17594,0.6473414199967972,0.1583380830258786,0.995635502989914,-0.145970470974654,0
17595,-0.321917991951523,-1.7153368391866115,-0.486529883217311,-0.7081677790598309,1
17596,2.783656460330006,0.712831249362519,0.1161827244275936,-0.1560347910104536,0
17597,1.576017298473896,0.3760533791174278,3.774935147843952,0.2962180264936742,0
17600,-1.6202019087457715,-1.9055136845327592,0.0849294209005449,-0.7493242195366622,1
17601,-2.6651621576143785,0.7570577076929438,0.3172804142802035,0.3154014562625717,2
17602,3.8145760014063512,-0.2502037244711431,0.4360959260497136,0.4969359430737038,0
17603,-1.2196553373947552,-1.1954334992350393,0.5146761693384599,-0.0916360913968925,1
17604,-1.2117785088450297,1.6035365903775205,-0.0802016817117168,-0.213588445499445,2
17608,-1.1068498912142657,-1.680988182363063,-0.925811284341699,-0.6932044907983941,1
17609,1.31001470632359,0.6143271762858548,-0.9569026793705512,-0.3376019345920155,0
17611,3.149017396092543,0.6716293317356611,-1.777727072217012,0.1166728978371731,0
17612,1.9573201220958916,0.2440862999097231,-0.2414725701737921,0.1767257585465272,0
17613,2.691025403257276,0.9631655420270328,-1.0399008094020494,-0.6108239743226522,0
17614,0.0202277496392647,-1.432677948970819,0.9251217611614134,-0.7277250427859348,1
17615,-1.7360377535856415,0.6017149751182439,-1.0007622467378112,-0.2810830875187163,2
17616,-1.707687270967388,1.4817276183373247,-0.1288980014940311,0.8159538019966208,2
17618,0.5975689121437376,0.8802359032678018,-0.4417975249839821,-0.7320779884532777,0
17619,-1.4225628385955047,1.6081708633792609,0.8396527766609481,0.5340093166615829,2
17620,-3.0281165307015017,-1.4482375647955452,-0.7724948088284368,-0.3361850552184545,1
17621,0.7831642902841041,0.8016964585343482,0.2977638939638492,-0.4107200448914637,0
17623,-0.0028542064942131,-1.7449319487569406,1.3029107220860128,-0.6078918233737852,1
17624,0.7129906721812537,-0.3580488272054476,0.6739600866564208,-0.6592439406791468,1
17625,2.227763276580116,-0.2223886162267462,0.1257241480019721,-0.2025393083184067,0
17628,-2.9531804342361467,-1.2610696817468112,-0.6409807975821842,-0.2358940718185865,1
17629,1.888122333243428,0.5299436132127874,-1.1748303875753916,0.0387062646940561,0
17630,-0.9383269745666136,0.502991915188321,0.086092846292624,0.2391786642238291,2
17631,-0.0566925875654704,-0.3384337138358169,-0.8699103344325481,-0.4820178070291697,1
17633,1.032824898972197,-1.382649868523912,-0.4153076306159328,0.3649750644237744,1
17634,1.753089212755856,1.325802406829781,-1.2341789466048865,-0.8493234501094411,0
17636,-0.8635319161188111,-1.885069510897449,0.6246144284386655,-0.7225624207462167,1
17637,-0.1178049304862284,-1.2350108476835724,-0.0613873799189984,-0.2223408333147181,1
17639,-3.15451226148544,1.2114628199344362,-0.0788666429962974,0.630141794496551,2
17640,-0.6025219522058518,-1.2863374923118789,1.6902291728803875,0.2160946950397567,1
17642,0.1379282971859604,-0.5545792270917865,0.6782617249110271,0.4337190594039528,1
17643,-3.1825959415148204,2.15470771659462,0.2744073778741754,1.311087875776291,2
17644,2.3127556648245857,-0.5306394245340568,-1.5705153720026466,0.7493786843357518,0
17646,-0.1540602391461804,2.221446671623357,0.5515676810486473,-0.1464140348084966,2
17647,-2.683809381922142,-1.2692628115092732,-0.8443019924910237,-0.3068829539142532,1
17648,0.9938231976111592,0.779814224946415,0.1745715656067935,-0.9724173970797552,0
17649,0.6091785703100114,-0.6906367512271406,2.102347102687268,0.1699508302582747,1
17650,-1.747995804599514,-1.9054189273394124,0.1834880796165375,-0.6226090949879207,1
17651,3.1785362157371204,-2.0650025563928565,-1.2278320274051282,2.080978905842279,0
17652,2.9657383381456954,-0.4924388234493202,-1.2008426704686022,1.2747239001263708,0
17653,1.1301389529319017,-1.475827072636383,0.0350962587399377,0.4401825678109262,1
17654,-2.7615693318485173,1.3082262574776349,-0.2333725986692388,0.4164520607129757,2
17655,1.7458241018065372,1.1666451916743377,-0.4858049162946661,-0.6160701723127384,0
17656,1.4626561993170846,-1.3396494727339816,-0.1776981591646828,0.8930064336044746,0
17658,0.0176993428147475,-0.4341589830363621,0.6220660502306095,-0.4564340596744818,1
17659,2.366242904520476,0.4586660564068447,-1.8177430633215377,0.7345094998725666,0
17660,-1.4238706487629234,-0.5730303778254288,0.2001216999563466,-0.0386342868407954,1
17663,1.237176336494998,0.3982560245894533,-1.0359595953773852,-0.1855309209081034,0
17664,0.3591490210228089,-0.4061940677929482,0.5073927337585871,-0.6780403155925353,1
17666,0.1274048549329777,-1.7759531956370087,0.6817424921447434,-0.2218108409396658,1
17667,1.456441326271194,0.8887980488081827,0.1557634613699097,-0.5506253168540501,0
17668,-1.295725908587715,-1.7370260654325915,-0.9781952244773294,-0.4382383968992744,1
17669,1.9375675737309803,0.1454903220877506,0.1228382305280017,0.016945014748736,0
17670,-2.035036263885484,0.6640904940169542,0.7572475359418483,0.3041476024189747,2
17671,1.2187225062756524,0.7410821644502524,-0.0779761223888952,-0.2324382565143005,0
17672,2.6568061114524038,0.2614857414361535,2.2969346667088733,-0.1867664960268672,0
17673,1.834894362413672,0.1655381925755183,-0.7638602079620437,-0.0977401281656994,0
17674,0.0912761611813855,0.6831381384578223,0.561370529812818,0.1059053670156364,0
17675,4.810929866961888,0.4732481343198177,-1.395376354046664,1.077738511412634,0
17676,1.3864633014213714,0.0430988206809673,-1.3209319014483225,0.7779750580390555,0
17677,4.777651551678587,-0.1777150357739375,-1.6852292151575372,1.999158159402297,0
17678,-1.3799246585361784,0.9803073467496664,1.4601433620704067,0.564154792259075,2
17679,1.2631372097565747,-1.4024399890891122,1.6458891943071567,0.1191549958090575,1
17680,-1.7250009563646116,-1.7984306049053456,-0.0281294584739343,-0.6430439600413042,1
17682,1.7821445990922309,0.8572841035231102,-0.1936833081161069,-0.2495868926336089,0
17684,-1.2529039396576582,-1.6233371476754566,0.4310090251493155,-0.509246885615854,1
17685,2.076704122693628,1.5865058607974607,0.1641640102960501,-1.1930318974466283,0
17686,3.108462451867737,0.771021366343947,0.5442449205836363,-0.8795583995009364,0
17690,2.3887821779680016,2.058705070441833,-1.0882861971747635,-1.2813708040438017,0
17691,-2.109405690381211,2.510630700839872,0.2427527112545288,0.8876952692702971,2
17692,-0.0504524655401342,1.5824663802957624,-0.1482842153898405,-0.3692527434919612,2
17693,-1.3585939829078426,-0.7398616651465497,0.7555262549593976,0.1326402316377832,1
17694,-1.16385179626327,-0.6538006648665681,0.9022801191263576,0.2517112598926539,1
17695,0.3121007553761772,-0.5938383944653515,1.0910468203532346,0.5271317547162631,1
17696,1.928473358892719,0.6777900315434097,-0.8195041787544789,0.329895839131884,0
17697,-1.4698068588202164,0.8108886702575249,1.004984092960862,0.3471272506803336,2
17698,-2.516520605501343,0.9954417792985572,0.5351075154035858,0.5594664584782987,2
17700,2.1190788981642594,0.2712258216287653,0.5878415800444362,-0.55755866938263,0
17701,-1.1619686545894214,0.982486759730469,1.273069739404506,0.4639512053841071,2
17702,1.589881473366132,-0.569947292265006,0.3766502600151256,0.0238168030333917,0
17703,0.5221025109810832,-1.193936640269665,-0.2071711822472469,0.1103430492455542,1
17704,-0.0675216304550875,0.4695110329194753,0.9626624428873448,0.3342169444052427,1
17705,1.4555818731238637,0.0678212693637256,-1.699627267966265,0.296914693965057,0
17706,4.273280415282872,-0.1141134599889842,-1.390992235475426,1.584278062956545,0
17707,-2.6412120479953733,1.0403503034463495,-0.7778094459197124,0.7274146146334017,2
17708,-1.7547913541975315,1.586322247807295,-0.617406904606605,-0.209610089509195,2
17709,-3.0351253132873675,-0.1326466475338705,-0.9359406562118928,0.482238582141558,2
17711,-0.4962711459967473,0.0766544225132084,-0.4430659114045753,-0.4964566140060816,1
17712,-0.1571252088503372,-1.6040162810875982,1.2084059509611282,-0.4913686526843727,1
17714,-2.553750994728164,1.6174394147705111,0.6187538960020453,0.9582242766369524,2
17715,-1.7465363156221394,0.1387659148646032,2.0040624151305906,0.5921516788992346,2
17716,3.4044075182453986,-0.8186242441250544,-0.9253308657294824,1.4849972641139846,0
17718,-2.703522823242874,0.6976018872816534,0.3533090418746857,0.3799056692741795,2
17719,2.8157005599184832,-0.2738979846434127,-1.3843102494411463,1.004769922233544,0
17720,0.8204399120836189,0.8299841304930871,-0.4347007515894782,-0.2207631736208043,0
17722,1.899193520485416,1.485903761098146,1.0549599446540106,-0.5451830189274786,0
17723,0.4309850385502631,0.4192378766383955,0.5183495001881563,0.5881624719946843,0
17724,0.3105180069272585,-0.9557430878843752,-0.2738493440870535,0.3973622566995524,1
17725,2.4136667608255737,-0.0369778827197085,-1.0888807962423197,0.2562268900714707,0
17727,1.2620798966687072,-1.9813701564663009,2.273608123048066,-0.760046669161336,1
17728,2.5004585022999546,-1.635534528163337,1.174841866848266,-0.1784653206385104,0
17730,3.2380731412433685,-0.1269245415062529,-1.111706651210817,0.9561138320114856,0
17731,0.7799344000368177,-0.7814709259640931,-0.5396860015086659,0.7628157115033053,0
17732,-1.8065119829589469,2.1957784248475662,1.2030777026880917,1.356345518867042,2
17733,0.3087326946526428,-0.0039938278493045,0.4769774271940455,-0.3877706142054539,1
17734,0.1501860098996467,-0.120123116407639,-0.3455054252864139,-0.1574511486135874,1
17735,4.262733897636932,1.4735654451893456,-0.1710078189639498,-0.7948739783428017,0
17736,-0.7112674781931849,-1.3968754014918978,-1.315690867739668,-0.0778209803438458,1
17737,-2.082473676027581,-1.656030673987794,-1.3935587129490383,-0.37933137653382,1
17738,1.8003126819641215,-0.1171999315709683,0.0571932664451634,0.0471312733535595,0
17739,1.5247092250579408,0.7183144559025487,-0.7082883970389547,0.1593072603919497,0
17742,-1.3887283331923137,0.8674325963385272,-0.7786955247733922,0.230132150403542,2
17744,2.251835941927685,1.1079973476751934,0.4215645831178314,-1.0933690480430631,0
17746,-3.332314095778428,0.9039347777347916,-0.4342290662292432,0.3971758589105878,2
17747,-4.176345518135797,-0.7697765595254241,-1.6040338776640246,0.2435262897340385,2
17749,-0.2754763472716351,0.6138416611591627,0.6988290051037135,0.3200553625992056,2
17750,2.318819421490673,-2.0862444304331933,-1.4201686506950464,1.6522417160951437,0
17752,-3.5377959144735973,1.7914830164913071,0.8261574288903065,1.4968880335785315,2
17754,1.883629023169432,-0.5114054334471843,-0.2415880117968741,0.1706473486451013,0
17757,2.998905575710749,1.5885798652392302,-2.39230526027341,-0.6676004712087521,0
17758,2.7618664503298294,0.000909352584054,-0.478802505579141,-0.2549058725168556,0
17759,0.9080287627351328,-1.081227067822932,-0.2432493808106458,-0.0331263553783521,1
17760,-0.6484142001467318,0.6077817524332954,-0.7677935122798265,-0.339138151098961,2
17761,0.23523917255894,-1.8193259413077565,1.839181950269772,-0.4308070541565625,1
17763,-5.931017553234063,1.1152061070599038,-2.2672784178377525,0.4716724534890411,2
17764,0.474358454597723,-0.164533551352455,0.4191235313362403,-0.5846773184737393,1
17765,-1.1818918081455716,1.0084784081272484,-0.993064438917136,-0.3256721891086134,2
17767,-1.0240492482025887,-1.879673688486096,0.3599827062403556,-0.771710314653676,1
17768,1.9430622009797032,-1.1753836196504108,0.7472357496722601,0.108296248005846,0
17769,3.003433414345518,-0.3323880359369418,-1.335201907539243,1.160568556750278,0
17770,-0.5129466958226171,2.24175262246476,0.0481093719438764,-0.9798520313140536,2
17771,-0.6334523826966779,0.4837885135894127,-0.6747793719080835,-0.4546717429961024,2
17772,-1.7404761526719996,-1.732627983636317,-1.8871985558075584,-0.8550131480448809,1
17774,0.909996469870166,0.857626355777665,-0.3066105392664685,-0.2413567578686247,0
17775,-3.8186477380827286,0.8905405894710846,-0.3203062581997265,0.5016001783206433,2
17777,0.6465844433886405,-1.3791911194075814,-0.5686094519439677,-0.3105082161637591,1
17779,0.3887309749203824,-1.1500556191983062,-0.705871965924958,-0.0855396176520822,1
17781,-2.599626808131687,0.7007280706900201,-1.5701463431524585,0.187966444270694,2
17783,-0.4678925431690455,0.108025716538643,-0.3232085433032973,-0.576251604813759,1
17785,-2.1573503421029905,-1.4590243656005586,-0.4594327264113846,-0.5261283813942762,1
17786,-0.7591785828638378,0.6290029017153022,-0.755439673142929,-0.329210715760063,2
17787,1.188162319730108,1.8132923337586035,0.683554981975756,-0.2565640919169599,0
17788,-0.4950488702766448,-1.0331142527336576,0.6796653588466093,0.669961052188876,1
17789,-2.1057215724321843,1.2681839766691323,0.6758019528747379,0.6678308203045668,2
17790,1.092678830651053,2.214667053354562,-1.9321774546287644,-1.6774390254979226,0
17791,-2.5520537629221627,-1.6656510024555768,-0.8717153249788602,-0.6842420757047987,1
17793,-0.4219697840383644,-1.7993409407838843,0.7136282118048561,-0.863698930145359,1
17795,-0.8086659898817617,0.6764370576285816,0.113845181307818,0.1602833750128545,2
17796,-0.1407117979322771,1.4694351540629893,-1.36833083444097,-0.9437679249127666,0
17797,0.815758616697135,-0.924274249648973,-0.5082396423172979,-0.0330171863985307,1
17799,2.345886686289529,1.5788277419060692,-0.8018762026282944,-1.1948109116274614,0
17800,0.824989398149546,0.4115201048628947,-2.101935883288513,0.5090269529666375,0
17802,1.3718393033932126,0.7992894460699745,0.2914735558465068,0.2051816959383378,0
17805,-0.2805935335123951,-1.4710037601233137,1.840245574032734,-0.0568618627250872,1
17806,0.5547118811108465,-2.0810152215601665,1.867675189082348,-0.8258496938784026,1
17809,2.382562753059964,1.1967693975576583,-0.665856925600956,-0.1086568275398426,0
17811,3.5466825101610366,0.8936772617099931,-2.805622160843762,0.130403780788382,0
17812,0.6769924671892523,0.4849563278887991,-1.5464725621915558,-0.0358559591970305,0
17813,1.8747286036024045,-1.7666833751923756,-0.8190813883716049,0.1291183594259421,0
17816,-3.7684507438969512,1.0691944798996489,-4.653223274592022,-0.6375870254910461,2
17817,-1.1077645968481429,0.5171524878404145,-1.8830108601362865,-0.9747258024866812,2
17819,1.495558738567631,1.8520187719647336,0.1939280187238737,-0.6776815371051388,0
17824,-0.70902036411109,-1.685643419992248,1.2533817289934568,-0.3874807266753511,1
17827,1.9231279521844455,1.4329290812607425,0.0774253367805397,-1.4997322325512097,0
17830,-1.144625219854854,0.5072364920827896,-1.6393793399947336,-0.8299773676157715,2
17831,-4.526771731519448,-1.5780041494641317,-2.343526659940282,-0.5776760173866304,2
17832,-1.013817083599294,-1.5411514108606303,0.1813448625487856,-0.8546458650719904,1
17835,-0.5349987884633086,-1.9579824767051597,-1.1416177017348776,-0.4664279468114358,1
17836,-2.005950764045416,-1.5278700558035367,-0.5049440146378928,-0.7278112212481973,1
17837,1.3418285855971943,-1.5253211793425856,-2.2543008408798144,1.525635653927886,0
17838,2.1929790603665738,1.0836345335536175,0.4851396737446382,-0.5657787566493687,0
17839,-0.3391264065758815,-1.6403035170679543,0.8679886946790497,-0.7308465932914442,1
17841,7.618264220820998,-3.50019145639319,-5.583832216266004,7.517646414199654,0
17843,-1.728943659613001,1.488275241344406,0.804010741164463,0.608688001074449,2
17846,-1.81971337458888,-0.7186407347970243,-0.2009281998375489,0.6965221798134091,1
17848,0.0268133492344796,1.203889188505591,-2.3331357469361715,0.1969611410642681,0
17849,-1.6691984046351505,2.4077722895566493,-0.7324299246988307,-0.3844567849887748,2
17850,-1.671572463237341,10.100395499695018,1.94570574021858,-8.224540677685942,2
17852,-2.443276020180833,-1.779350627242299,-2.136371714610723,-0.739369652027173,1
17854,-1.835266104075965,0.5788459775815272,-0.5584584218741591,0.3145586872731497,2
17855,-1.8751641142566569,2.0865270122548285,1.3696016159432511,1.2927325924422095,2
17856,0.5265110835214653,0.52317217590668,0.2823090834954251,-0.843467114278093,0
17857,4.556059843800221,0.0961560524473309,0.1918086045322589,1.7281738227851935,0
17858,2.750050717461244,1.1338532691571603,-0.6525435390404929,-0.3570001785933258,0
17859,-2.267942485817406,1.4855782197366307,0.5068966852113039,0.6489092632105027,2
17860,-1.7102604041543774,2.203553595591256,0.8637554186656589,1.051575320822407,2
17861,2.367146311014772,-0.1129201508675521,-1.1606201573400867,0.4451029212419213,0
17862,-1.7927667661234268,1.6645141616549812,1.2622911804609287,1.111519517094768,2
17863,2.421883496243568,1.0480042700842762,0.4650486861414575,-0.1297327914243094,0
17864,0.5184745884979297,-0.095708918306117,-0.4626384321434789,-0.4486822977831605,0
17865,4.095478237484048,0.1945085129288052,-1.242226778986624,1.4846328459448832,0
17866,-1.2224938355691253,-0.6597752255237073,1.0387203627729311,0.3947297397639575,1
17867,0.7696570282428179,0.2001920564141066,-1.444453002481511,0.0683235667303965,0
17869,-1.1600373850410544,1.6542862638137,-2.247956229363325,-0.2993515935764263,2
17870,2.526256794742988,-0.8197113013114958,-2.976175361812082,2.2094276463681712,0
17871,-2.086151253620032,0.3535398304990254,0.808349000063752,0.0968358302414222,2
17873,0.962158846854272,1.302593555644677,0.1591989291603248,-0.0563093469229334,0
17874,-1.1271912020426105,1.9607937698848927,-1.1207667583963894,-0.9565056744977484,2
17877,-1.689930128886814,-0.3066884649028328,0.4669950601214828,0.474415626151611,2
17878,-0.2430407819236806,-1.7090566844000468,1.3448747871934414,-0.5400207702139206,1
17879,-2.4856346188712486,-0.2124992899996694,-0.143858695430053,0.5899166095827197,2
17880,-0.8143601329955402,1.992214144464583,2.2005524893527304,1.2945737552669632,2
17881,-3.131842205990953,1.5617356870023198,-0.1273290200709449,0.8534802477330412,2
17883,0.6046807121805005,-0.2734776873338025,-1.405898607435534,-0.40602785928167,0
17884,0.7630721627864414,1.1606941402964277,-0.620920465006677,-1.2482505595158586,0
17885,-1.267939900152377,-1.857279656426038,-0.2528042368111574,-1.0901030708148205,1
17886,0.6438828241432412,0.3234532079530143,-0.0893322865393028,-0.9722997707333704,0
17887,-2.829529392530494,-0.605819420378288,-0.8861997716368007,0.0629006361886759,2
17888,0.5861791437929476,0.5834691894983034,-2.089040416484325,0.0566687249084483,0
17889,-2.251756556832628,1.666426823494887,-0.799207899967257,-0.0703544164899334,2
17890,-0.379348981989886,2.283237151068559,1.1760938525526348,0.4743685233078558,2
17891,-0.9085589441158154,-0.5109278717120175,1.0624776990027107,0.1578548197282887,1
17892,-1.4468790923495536,-0.856552464405525,-2.025610742739191,0.1528211584990114,1
17893,-2.3968259324907306,0.5933852735911086,0.3996813349759148,0.0890927666868403,2
17894,0.3773884010349749,2.241691118236998,-1.5727447049639598,-1.507183938355992,0
17895,-2.138565803987998,-1.6327431017694698,-0.3584783283686655,-0.6881808448784412,1
17896,-1.5083500296414376,-2.0202984701788997,1.0333083855984082,-0.2782025291495834,1
17897,-0.298333599799175,1.7420218006511614,-0.6046173805813322,-0.0675099883680417,2
17898,-1.6958375524935327,-0.0638062253775164,-0.9870404838387564,-0.5194278414595486,2
17899,-1.5395993520377536,-0.4515201428292955,0.3537032181667476,0.1188559331105459,1
17900,-3.443866351576088,0.7114130489312909,-1.031481908482201,-0.2693288956149707,2
17901,-2.541259711621612,-1.5587754094353583,-1.2891400609676995,-0.8162368594544577,1
17904,-1.5401662819244115,-1.7067739822439327,-0.4501684677937604,-0.9013504173328766,1
17905,0.1314630984913514,1.0784198270471144,-0.7979460605349454,-0.0162257712189041,0
17906,-3.529523421428555,1.0130889891634038,-0.8678572819321178,0.2301526917011229,2
17908,-1.4492154003966815,2.181484839202981,1.247094968529637,1.0827566906026644,2
17911,-0.303565513382747,-1.9675136020684985,0.8507408051711453,-0.8936869963434984,1
17912,-2.154796270254951,3.257931355016321,-1.109908346245054,-0.4815469641348984,2
17913,-0.1043584124993061,0.7022083475348528,-0.3231597459430687,-0.2882936591243006,0
17914,0.1107054828408662,-2.0775388760184814,1.1270267909075538,-1.0891948973634902,1
17917,-0.5418622324885155,1.1145776847793856,-1.466639561328861,-0.7947714883365862,2
17919,1.0171097594032747,-1.314805791768363,2.787486045809838,0.0537105767369812,1
17920,3.402837870919792,-0.0186398715455136,-2.4431463371436704,1.325921057663389,0
17921,0.6372093069319078,0.0893522682762572,-0.9748762115610212,0.0317464494662405,0
17923,-3.080685754146101,1.2069521863309454,0.5937783115536994,1.1126891369037075,2
17924,1.8116688457661672,0.3516937118940426,-0.6962287125182239,0.8158713806653387,0
17925,-2.9375961336307896,2.089658987724926,1.1204579772955396,1.8201167928162003,2
17926,-0.9475621436618424,0.0694912738237647,0.2478553707419765,0.0092354662892928,1
17928,-1.3980590515586506,0.0268396028408433,-1.0764712954122595,-0.5406320691920586,2
17929,-0.94698931139934,0.5011244792726931,-1.4534458121285792,-0.0258869660679961,2
17930,1.327034007412137,-0.5283829284853827,-0.0243326531663473,0.5680391058709436,0
17931,-0.466980718242575,0.4764902449990443,-0.052575743239684,-0.1489848173459087,2
17932,1.291538675216046,-0.3807154410860238,0.3978257006721392,-0.3790567003152048,0
17934,0.0019049734588915,-1.5574649798013422,0.6485158011796176,-0.0788776842303147,1
17935,-2.1514499733441004,-0.5077837287951324,-1.4738734205592734,0.1903340329145584,2
17936,-0.006269228547636,-1.993130579706752,0.8988490586316592,-1.0391239555010223,1
17937,1.9213942208794912,1.0202740308921898,0.2928962311620903,-0.2694310789599142,0
17939,-2.812639387694662,-0.3203438406939588,-0.7615675960846898,0.2324259027277133,2
17940,1.869006059087181,0.5332906267973866,0.7728708608447522,0.2872407562025348,0
17941,-1.5759287865549263,-0.9017607039652916,1.3047186139513145,0.5592949006152121,1
17942,-3.3541599197552654,-1.9503679085871235,-1.1318820477637064,-0.6163221928656717,1
17946,-2.714228808570421,1.3819558055907522,-0.8838786494301795,-0.1360551546156072,2
17947,-1.6342296499475806,-1.7494235311792683,0.3205576022015214,-0.5155660772388256,1
17948,-1.8210683644924712,-0.6871908109255406,1.169950908172495,0.8032110299766941,1
17949,6.085325168268545,-1.611765744811097,-1.3522821604699886,4.67853368394166,0
17950,-0.0942686889925264,1.155872855952944,-0.6670737039413013,-0.536212422299706,0
17951,0.4375755587321971,0.9522062390622316,0.2301370451745371,-0.2675431997679402,0
17954,2.246900827170245,1.6163263720066177,-1.310364917031973,-1.3663346841023647,0
17955,-1.5076388208858724,1.5530125635574976,-0.198782996032591,-0.7560025725329377,2
17956,-6.781230236401301,1.20827786030345,-3.5461757955926343,0.3439551736933037,2
17957,-1.457332255146476,-1.467988072225222,0.2236631604261525,-0.6524284213769467,1
17958,-1.1519638027543544,-0.8320177219945849,0.9089262581508176,0.3387626999351193,1
17960,-2.817216726796208,-0.17721390723701,-1.0297270285053235,0.0925822827965369,2
17961,0.6944601176856253,2.163388797057834,-4.876123659469881,-1.1011592396544438,0
17962,-1.9526373384939428,-0.5914409724142495,-0.1866306689897285,-0.1149398188578981,1
17964,0.2728087994906065,0.7025992382231436,-0.3672850715412493,-0.4628902568765048,0
17965,2.266348179641652,1.0489268669718506,-2.029095502078216,0.0322382827843622,0
17966,1.3746301843258466,-0.4258786620551323,-0.1874105227748266,0.37989475631206,0
17967,-2.5099832411833307,2.234360624669129,0.2018041465383099,0.9769417469860902,2
17968,-1.236529559139265,2.221129149764482,1.2434095697640726,1.0268918025144842,2
17969,-1.6766366691703405,1.1847287302529623,-0.6702003429687985,0.4652400028679618,2
17970,-0.1772048435660283,0.3738994619810922,2.339882024113792,0.1793113489457139,1
17972,-2.5184165615816667,0.9905928710691334,-0.3049008728674748,0.1167076925502064,2
17973,-0.8789098282608906,-1.556959200423579,0.828604138072418,-0.3834440345732144,1
17974,0.7514562427006215,-0.275360059514655,-0.4515202748966703,-0.6217248921431908,0
17975,2.519029863955053,1.5024596099878826,-1.1727401950355318,-0.7822480099477971,0
17976,-1.3469186050619864,2.2517682149075338,1.127919784147515,1.113198050486483,2
17977,-0.6429304859018582,-1.8665525282757929,1.0372176805503706,-0.6375318686440119,1
17978,-1.2877005611679126,1.878063836678864,2.231065231508372,1.3746223772231636,2
17979,0.437581421856569,0.3487414758904109,-1.0042824293869208,-0.7444061838828656,0
17980,-0.0248277519374685,1.409401142846737,0.5310237617194256,0.260913806897933,2
17984,-1.5612964261198563,-0.4952531834153321,-0.067141749926275,-0.0960931072555202,1
17985,-0.169830039209676,-1.8239290938745925,1.2083353508646095,-0.5446007782240371,1
17986,-5.24704875405455,-1.3616350990440151,-2.753291004412789,-0.4156208479875787,2
17987,-1.4679101680991384,-0.2797342030622582,0.9395388289511742,0.5310335452361834,2
17988,-1.662381670433843,0.0184975775899355,-4.852593338659797,0.7126678825990502,2
17990,-0.7331096927405234,2.2071227797060016,0.4555886896374879,-0.0354563707068689,2
17991,-4.064528473818898,1.197992302082435,-1.720490426773,-0.0389222690492031,2
17994,-0.1079894751079015,1.2384194204684986,-0.3990999313621262,-0.6993092125538946,2
17995,-3.460400855849206,1.078530385315723,0.3619068726162608,0.8230136743799625,2
17997,2.1202050341329755,-1.5516260864783693,-1.08645507073599,1.69484490956765,0
17999,-0.0309476752509338,0.7234171000830892,-0.6761888394146354,-0.4954999970939021,0
18001,-0.0807800089413488,-1.4936870825912238,-0.1966053455605888,-0.5417660551994837,1
18004,-2.263484346027723,2.12498294898954,0.4866568455323367,1.0231661619837478,2
18005,-1.2453255106344838,-1.6002776285672564,-1.491735770043296,-0.7696756005635347,1
18006,-0.3753912027794238,-1.8531810260038168,1.085187283957846,-0.6171492783513739,1
18008,0.7156122149009082,1.966042038803272,-0.1605371047576999,-1.441476106860102,0
18009,-1.466109077418394,0.7818164250414454,0.8862114224144007,0.1714831857129945,2
18010,-2.381484757137289,1.0436134175424798,0.3039133693213759,0.4398871560544364,2
18011,-2.7390648483233746,2.2237605086691423,0.1588474118739386,1.050529083430983,2
18013,-1.4390323499437088,-0.5025698372182659,-0.5090112615489186,0.3304006172954941,1
18014,-1.6541319129277594,-1.6603139537770188,-0.4408168320879054,-0.8429875248648221,1
18015,-1.386492878151708,-1.9960326941517093,-0.2505108213885226,-1.1839472073303936,1
18016,1.4981535268399138,0.706134687228923,-0.5102040518001174,-0.069789160664807,0
18017,-1.3424844221334418,0.2953041575271965,-0.4613221046162438,0.7748896362831555,2
18018,-2.4228232053432444,0.1433218759361077,-1.811534762268598,-0.4712240152896999,2
18019,-4.417784001940302,-1.279933221260578,-2.61038595344354,-0.5746996972151205,2
18022,1.0398453518503987,-1.7507837609648218,1.8622629557191284,-0.8804697647987636,1
18024,-1.079069613813541,-0.4682064975018917,-0.1701653221166613,0.5441555945768614,1
18027,-2.1268831623354303,-0.9884564917326528,-0.4277940724837462,-0.3122796366589523,1
18030,-1.9863230012874569,-1.701691650716491,-1.4292571656034616,-0.3780040799170938,1
18032,-3.7642578566570624,1.7917063505257205,-0.3214886209164934,1.0510565318603295,2
18033,-1.652775322600131,-1.46470986162423,0.0058135905176253,-0.700244840795721,1
18034,0.1877501000663988,-1.8486353870413132,0.1267592563994136,-0.760120973050815,1
18035,0.2614531581926727,-1.7455084821675002,-0.1700449111335745,-0.1029963947717978,1
18036,-0.2664415313736125,-0.0489707095154602,-1.2873649660935778,-0.4961426376092189,1
18037,-4.019251707653513,2.61015206462139,-4.313470844643015,-1.1675161900799529,2
18040,-0.9151008082538046,-0.0923158214187076,-0.7032114158223125,-0.5226158914376939,1
18041,2.5163439335074536,2.466330873919353,-1.3055719505720518,-2.122895587762639,0
18042,-2.4346000119936573,-1.386623861020658,-0.6443124562417516,-0.3469787935820882,1
18043,0.1958280625247707,1.0362580366157514,-1.0004420083579422,-0.8731350275053192,0
18044,1.4261456640750494,1.4891269198223938,-1.3463432595410498,-1.102061390347085,0
18045,-1.1674267070081954,-1.5559151236000934,0.0675347952307686,-0.7865118917675179,1
18048,-2.7401915090264626,0.8061834633494258,-0.3842981891283498,-0.1668411020749043,2
18050,-3.811859565451424,2.0519836008250016,-0.2904297727914853,1.2395241792770275,2
18053,-0.7037669009783164,-1.4202149612815242,1.0731865208480569,-0.3277784600659992,1
18055,3.178476451312945,1.5325467279499445,-0.0161216419654185,-1.0464371699591473,0
18056,-1.1697333789467526,1.2367889605359403,1.6568401591934283,0.7449976997524765,2
18058,-2.215542993377357,-1.9963699107998831,-0.0533691665414064,-0.5157258273545607,1
18059,-1.0920901610571725,-1.6319729444436983,-1.2900147194236995,-0.0718622437860782,1
18061,0.9287017484963954,1.110946394756433,-1.3711660005945143,-0.0558643354056553,0
18062,-0.393814568517428,1.3840533756676872,0.16146635455976,0.2292774604376711,2
18064,-0.4639570375444297,0.1931785107602985,0.9873723824023488,0.4000306351946923,1
18065,1.7892032160867093,0.8811236862998233,-2.335622302963805,0.0454281843051226,0
18066,-1.2972128923357549,-1.2850475661238534,0.5766506963479751,-0.1379581452192829,1
18067,-0.3744724185264181,-1.6340005444545338,0.883345946362091,-0.6295732126943022,1
18068,-4.517433424167816,1.5118572024170736,-1.144304672116465,1.0322414596636125,2
18069,2.318843123204545,0.5214269313245077,-0.2439490145279499,-0.4167064766159639,0
18071,-1.0717467087171983,1.9996883861196315,0.633533824807436,0.3916833242250288,2
18072,-1.1181153556188832,-0.2579076688920901,1.138561927756761,0.5125443150451877,1
18073,2.007588028757125,-1.123837760443795,-0.8901078542950785,2.456968054198783,0
18074,-1.208773240707172,2.110918550393703,2.0362730512705443,1.5234310710808665,2
18075,1.7451907209291722,1.5398643901353373,-0.911881829008378,-0.9819901318641842,0
18077,2.2004753081935555,0.5120645341510794,-1.5464395357975669,0.4101948938953446,0
18078,-1.536065740366301,1.2755684846457098,0.0370944284660792,-0.1510146184511087,2
18079,3.071235395343603,-0.4789815188433079,1.8806967502731045,0.1852821503404076,0
18080,0.0974499229442329,-0.3689335731361367,1.3383209663805768,0.1230706068483685,1
18081,-1.114008791481375,-1.165061403113737,-1.3906677385699011,0.2066996426028327,1
18082,0.794627361565862,-1.8784615818589192,1.9228747256359653,-0.7510857724302853,1
18084,-2.5602288816300005,-2.1551129298138685,0.3069078912421961,-0.4425308879541474,1
18085,-0.8524303928777102,2.37447074617104,1.1887200763567871,0.8493284215391675,2
18086,-2.9146753886833023,1.09183572887449,0.3249641567656909,0.5994733798053233,2
18087,1.7247233033347658,0.0571082314265953,3.5540985054782337,0.8697248743195176,0
18088,-1.431050522604855,-1.3749892490393865,-0.0866768403718762,-0.6355434787607891,1
18092,3.087184880123441,0.7409946033193103,0.254639716423208,0.3115121953236735,0
18093,1.314365595822641,0.6365756447028939,0.8618398969028737,0.1424553932656309,0
18094,1.823823750967435,0.5122817818113415,0.2835098595976342,0.3204032853256329,0
18095,-0.9130051096308932,1.9826792500016128,1.345353560217479,0.6768386807831436,2
18096,1.099390283601039,-1.687990727386104,-0.0947363317354914,-0.4307627234839952,1
18097,2.022461789130851,0.7621697225010083,-0.0397628098464007,-0.344334830147009,0
18099,-1.6124211099256351,-0.7810331808320627,0.3188651933947632,-0.0109738374486486,1
18101,-1.2719742706001798,-1.03525657131704,-1.5616665312955578,-0.4486469226898,1
18102,9.265672996074988,-4.495776790516561,-2.038493247997433,9.003982094986803,0
18104,0.4906988919222886,-1.7257562741137311,1.7630494400943018,-0.5396138504999595,1
18105,-2.301916089539564,-1.550415014167157,-0.8620890037551652,-0.7344607873229047,1
18106,-1.1062154357339682,1.7642342815009242,1.490204295643931,0.9689594092840886,2
18108,-1.7805926406704595,0.993937028428171,0.8183992271610151,0.4612253372704751,2
18109,3.424645349281982,0.6342838001819624,-2.004696740546152,0.784779523829827,0
18110,-1.3767904620018303,-1.739358052115377,-0.2612788390999559,-0.8911861094754762,1
18112,-0.5356874488307057,-1.0401743507872332,-0.5533599902294846,-0.2290314982181346,1
18113,-3.9847243576395086,2.015892605548747,0.2157353434730206,1.563801164413808,2
18114,-2.014597072779406,1.4349232599526651,0.4267029004954088,0.5825176594614832,2
18116,0.9568931544391026,2.5731085019552262,-0.8313868964070367,-2.212168165464285,0
18117,0.1258897271791726,-1.894529263961008,1.314043172454321,-0.9221428813452476,1
18118,2.9822834874831403,2.0031197849644813,-1.9970106681776345,-1.2935247994635837,0
18119,-1.9908021527814117,2.1204703505844678,0.914209164371658,1.1138764570313848,2
18120,-2.9090091942860927,0.6873757509480836,-0.5422987945228848,-0.0070689525396778,2
18121,-0.1546242886689287,-0.5531756952376234,0.7055689280334881,0.5638956237685203,1
18122,2.1577983046369456,-1.5262951299747218,-1.0316174578790935,0.6112819177965532,0
18123,0.0764139693480453,-1.8507264080836383,0.5127346178835339,-0.4118900546943678,1
18125,1.203785740664974,0.9914354714393296,-0.1454348261264124,-1.2368461228525294,0
18126,-1.0244174420218144,-1.3763313274934303,0.1589861337556257,-0.6859586829631883,1
18127,-0.6900543866185744,-1.173168699479588,-1.5732914315721955,-0.1111436893122077,1
18129,-2.869738105080791,0.9128895933043047,-0.1893284523419615,0.2661366645204464,2
18130,0.9361333370280164,-1.772603142892091,0.2275275716471116,-0.166118694318208,1
18133,-0.3158682335009958,0.1198577622094499,3.599550654363818,0.875386679033569,1
18135,-0.4624833113562447,-0.7244609114347322,-1.5362267325235348,0.4264987026121867,1
18136,0.1049261186815828,0.8301804033755625,-0.1781455702296829,-0.4524967518061147,0
18138,-2.9293819584640386,1.4528305415798284,0.0598993353544105,0.8123474190343989,2
18139,3.252972717919374,-2.512775539591202,1.4864252210391335,1.0929852160901672,0
18142,0.1972983715617846,0.0541696112708958,1.965555816686768,0.4730268907717906,1
18143,0.6817963718967109,-0.7466757139595646,1.028210285316906,0.2873205970914327,1
18144,1.3382396556494125,1.5670428045925435,-1.1714093187743158,-0.7489210665331814,0
18145,2.71869482654234,0.3731203199580759,1.0257611690682926,-0.5763865628502253,0
18146,-2.224295689051639,0.2298203129690572,-0.8085512576364722,0.0225117859871927,2
18147,-1.864249633707368,-1.2840168047367884,-0.8980179363302263,-0.0361764044356591,1
18149,-0.6212103049833644,0.4669040407188018,-0.3576404934398829,-0.4246438905319998,2
18150,-0.2302389776087306,-0.395437105057001,-0.6522916399299479,-0.3138770738752991,1
18151,-0.0413176805659652,0.6171296282622015,0.5376699250067284,0.133908591055357,2
18154,-0.7538942425019043,-1.8131629387236647,-0.2771576769974668,-0.4052931904554119,1
18155,-0.855048607719508,0.3054311908965954,-1.039905752755882,0.119853819852892,2
18156,0.7186196916859238,0.6339872673054574,-0.1761747949926854,-0.5311624455004192,0
18158,-0.3024354725964239,-1.538199898392827,-0.0662360095628667,-0.3504512835055192,1
18159,-0.9423567551811514,1.4434075852824333,1.7048632623689632,0.8759582975950201,2
18160,-0.0376546198214819,-0.2225630911153615,0.2661437763563606,-0.4711110507269914,1
18161,1.2590811257973753,0.3745220736487309,-0.5172936355331291,-0.1030461243162909,0
18164,-0.5174779757159428,-1.6838294245447558,0.9094571984250542,-0.5620719733970424,1
18165,-1.1722082534634637,-0.3596133584526916,1.2584412164152965,0.6081128460727968,1
18167,0.6053568995530987,-1.3987621887822508,0.028555561261379,0.2324708276053596,1
18168,0.2662693616507772,2.540393924032836,-0.4034225151643943,-0.8584003776296129,0
18169,-1.9412433057035188,-1.3734749323700972,-0.1317515936722898,-0.3069503817616349,1
18170,0.367356403865739,-0.3148530793365326,-0.118357260248221,-0.1686983607202332,1
18171,0.6483709761309937,0.6985969550430323,-0.9029782640303142,0.1344322338466817,0
18172,3.2727424547097743,-0.2756818560551445,-1.7459870055402014,1.3181724288084873,0
18173,0.9998590035568872,0.8535285361865217,1.035533446100944,-0.4770447575175487,0
18174,-3.1316218960028,-2.010307453317804,-0.7022047541663247,-0.4764136534670227,1
18176,-0.7587838689723826,1.9435810017862865,2.137865259190576,1.2191115144634674,2
18177,0.6549667361068106,0.7770815458572321,-0.656212749250486,-1.11971467154057,0
18178,1.1063960974813454,1.648844796978162,0.58182719095719,-0.3856778972454188,0
18179,1.5220689338576514,1.098006567409521,-0.2636800038079341,-1.1090811367089917,0
18180,2.022276717302128,-1.6745884336909165,-0.7206206565038502,0.7595567476775631,0
18181,-0.5183523672847568,-1.7479505087841636,0.568794299151087,-0.7856368270218622,1
18183,-0.5009883278183463,1.3272360884182153,1.072176002804885,-0.0054521763999551,2
18184,-3.737210127386436,-1.9728618944286156,-1.1419871007566442,-0.5600926754205322,1
18185,-1.3643923816152568,0.847638048684134,1.365306956424268,0.4441351502021536,2
18188,1.8587275927557592,-0.0392280756577999,0.8349378371347458,-0.1341842091722331,0
18189,0.9399919068531098,0.2272809257078936,1.0000951286066575,-0.2316818482395068,0
18190,-1.7618733235603627,1.546482397253833,-0.2192407009779571,-0.0136481254215534,2
18191,-2.1361152215369748,0.9551695637356936,1.0219141411203652,0.6493474531864688,2
18192,0.6878240638954036,-1.345466044648968,1.961792578501176,-0.2693598019739011,1
18193,-1.4680784208255628,-0.3708186338813035,0.5891545680239109,0.3811732274730599,1
18194,0.2839818754412491,-1.4257241434011394,2.557633584040677,0.1992443600900357,1
18196,0.6479198320939306,0.4909787140829421,0.4313960519655174,-0.3396005698647205,0
18198,2.3838397864555105,2.04357203268129,-0.4694535209012058,-1.8922188613306523,0
18200,-1.6713205778737044,-0.9280174581019186,-0.069891363065428,-0.2791282817498652,1
18202,0.4198269802100773,1.770887690928138,1.144215842120262,-0.3429235705998036,0
18203,-2.184898375711192,-0.3208262908534118,-0.3998012438359223,0.20684520055889,2
18204,1.8968017072493908,-0.311492978230064,1.046201859563702,-0.2683560892316342,0
18205,-0.4390334807779311,-1.4073795378576648,-0.2480438410926356,-0.2612400963439132,1
18209,-2.290173945057972,-1.7089732615051136,-0.5059434408791375,-0.5945899433967498,1
18210,2.3038509559157645,-0.5269675765784617,-0.5339260275619279,0.4959626255767487,0
18211,-0.0132583232946131,-0.1616908654344806,-1.8633403282235423,0.3245651993514677,0
18212,-1.865227522972364,1.7389113530202016,0.7850609942774937,0.8300157985982068,2
18213,-1.5409578259384988,0.6809585266539615,1.2881796026410055,0.327925326961497,2
18215,-1.2510138819083392,-1.1417048454666034,0.5854883519980589,-0.1001423662167916,1
18216,-0.2766874534595435,-1.7454907031741558,1.0841935561317493,-0.5876582937545088,1
18217,0.0717268688559588,-1.5811339530351485,0.451662376315898,-0.2508613473928108,1
18218,-0.5531956435111264,1.2092415429859895,1.3213267233396409,0.090377355164301,2
18219,1.3563322465409884,1.1209338924902714,-1.6222469211974972,-0.4073006390670515,0
18220,-1.8115155096160327,0.4613585714965758,1.787945042937665,0.682283270413688,2
18221,0.884467916843011,-0.630286762855914,-0.9398695183288238,0.1551402427127715,0
18222,-0.3614400183084065,-1.201766898709397,1.4875102963313245,-0.077191468252145,1
18223,2.9840443745276537,1.139681402614022,-0.7240567717194145,-0.3864649086230638,0
18224,-2.5396200992135483,1.0761453452174827,0.3610259695192929,0.542636213523336,2
18225,3.170044775480255,0.6936622885083462,-0.7412939296048544,0.1342164106224306,0
18226,2.9310171575304147,0.8655147901053322,-0.2922548567443291,0.0040545022010249,0
18227,-3.622453453018916,0.7065909022037211,-0.7747359400345878,0.2376717726066053,2
18228,-0.1312990127267633,-1.3172684616860109,0.2887207516332282,-0.003404523594999,1
18229,2.973491503614849,0.603422296555409,-1.7881224563238207,0.9813833475713972,0
18230,1.6623055651137977,0.3211620898560371,-0.3947402724582526,-0.0067151756565277,0
18231,0.7966569279413022,2.233776872716155,0.8390002632220759,-1.1446109242899845,0
18232,-0.5456729624024037,0.1323226320206044,-0.9404226567563072,-0.3936589016103798,1
18233,-3.377674635949866,1.972477739753408,-0.1405197595641521,1.5947491606506878,2
18235,1.7812264368051407,-0.2281287632587817,1.163763954152899,-0.1237561636732653,0
18236,0.363765255780639,-0.4842249323191723,-1.89815364530778,0.586177928341078,0
18237,0.6903342473723629,-1.5578346620717387,-1.257124118406122,0.551854434733564,1
18239,0.456592663216128,2.8115277816669715,0.6155517846252888,-0.8120863669948241,0
18240,-1.0991464007492309,-1.6174519749319856,0.8791418674863712,-0.1969174487778888,1
18241,2.0631825141290467,-2.5405726264560555,-3.893408393011168,3.670473220471817,0
18242,1.4917080924702624,0.1196645985800442,0.673008952203126,-0.3377482252143662,0
18245,2.2092495346786363,1.0735353206890088,-0.3114590041336738,-0.855350149917863,0
18246,-1.0127404946969545,-0.2370423362524652,-0.0391444477750218,-0.0754831454965742,1
18248,0.3316668535001647,-0.4818309006965054,0.8004365036349695,0.4650727949906385,1
18249,-2.3061796350591117,-1.941700786907398,-0.3478310883884671,-0.7599725342171313,1
18250,-1.2291954969145582,1.4720631873925067,1.6246153645464645,0.8795098306924931,2
18251,2.899559713813193,-1.609789770378432,5.165420304941549,0.3509389578333177,0
18252,0.1237288246936648,-0.7419630282463604,-0.3163261412579879,-0.2097305802626663,1
18255,-2.6541721703334686,-1.153715543927425,-0.44192849897686,-0.1505778193887373,1
18257,1.72915397937546,0.3623586044693022,-1.0491799802394768,0.1394689232891042,0
18259,1.575625397094082,0.4632815346672742,0.6841219578992388,0.304816853572016,0
18260,1.313230042438542,2.3468047826003464,0.7994309575152346,-0.7212086025091465,0
18261,-1.1246434963839016,-1.2597846505285717,-0.7299809365853408,-0.1700676385371037,1
18262,-1.794695042431244,-0.6988220301556614,0.4119321352750652,0.1420562316516254,1
18263,1.3859278397609995,-0.2529337518531914,0.674557809273188,-0.2434057862978293,0
18265,0.2908355092976352,-0.7963859968647337,0.3542438172092957,0.1113924328379919,1
18268,-5.702806751512154,-0.397758208877743,-3.2301497363416933,0.2071812485046867,2
18269,-2.729207041130362,2.082581667571828,0.7044757556133276,1.3840688577402862,2
18270,-1.4711706904878996,0.1266101624205163,-1.025200643250423,-0.3177265837748178,2
18272,2.39829480845821,-0.2828706492111889,0.0671134292900483,-0.0826766944429411,0
18273,-2.542111213852228,-0.2120550286850174,-2.163699298686762,0.0680902570790794,2
18274,-1.811088530470864,-1.7278385229715698,-0.1044774273934631,-0.6073259570203066,1
18276,-0.8716422419370421,-1.6491112933786702,0.8498603373853549,-0.4293148446967898,1
18277,-2.484532699762892,-1.44115549982515,-0.5308538609666356,-0.424456191881345,1
18278,-2.0705452472502257,-1.25578046461015,-0.1768130359043598,-0.2403997897959831,1
18280,-2.6107028382148223,1.2756795150363738,0.233906834326508,0.6730863129145493,2
18281,-3.094922492000072,-0.1790361605994896,-0.6465340262972994,0.4570709519517877,2
18282,-1.8192183778577025,-1.2373755736177745,-1.5066355228075985,-0.304894994626308,1
18283,2.2730495169817875,-0.0280256967705898,-3.0285337825448457,0.9165518028178476,0
18287,1.6762401945620968,-0.4720758567149872,1.16350595972868,-0.1869422095703799,0
